time,field,value
2025-03-15 00:00:00+00:00,Sound pressure (dB(A)),55.1666666666667
2025-03-15 00:00:00+00:00,Formaldehyde (CH_{2}O) (µg/m^{3}),81.0011656441718
2025-03-15 00:00:00+00:00,Carbon dioxide (CO_{2}) (ppm),3286.03333333333
2025-03-15 00:00:00+00:00,Relative humidity (R.H.) (%),63.4016666666667
2025-03-15 00:00:00+00:00,Ozone (O_{3}) (µg/m^{3}),0.1
2025-03-15 00:00:00+00:00,Coarse particulate matter (PM_{10}) (µg/m^{3}),92.975
2025-03-15 00:00:00+00:00,Fine particulate matter (PM_{2.5}) (µg/m^{3}),87.8083333333333
2025-03-15 00:00:00+00:00,Illuminance (% above/below thresholds),0.1
2025-03-15 00:00:00+00:00,Temperature (°C),20.7564834333333
2025-03-15 01:00:00+00:00,Sound pressure (dB(A)),51.5833333333333
2025-03-15 01:00:00+00:00,Formaldehyde (CH_{2}O) (µg/m^{3}),59.6915337423313
2025-03-15 01:00:00+00:00,Carbon dioxide (CO_{2}) (ppm),2536.38333333333
2025-03-15 01:00:00+00:00,Relative humidity (R.H.) (%),62.2766666666667
2025-03-15 01:00:00+00:00,Ozone (O_{3}) (µg/m^{3}),0.1
2025-03-15 01:00:00+00:00,Coarse particulate matter (PM_{10}) (µg/m^{3}),75.6833333333333
2025-03-15 01:00:00+00:00,Fine particulate matter (PM_{2.5}) (µg/m^{3}),68.6
2025-03-15 01:00:00+00:00,Illuminance (% above/below thresholds),0.1
2025-03-15 01:00:00+00:00,Temperature (°C),20.0073167666667
2025-03-15 02:00:00+00:00,Sound pressure (dB(A)),52.0833333333333
2025-03-15 02:00:00+00:00,Formaldehyde (CH_{2}O) (µg/m^{3}),41.4524539877301
2025-03-15 02:00:00+00:00,Carbon dioxide (CO_{2}) (ppm),1838.68333333333
2025-03-15 02:00:00+00:00,Relative humidity (R.H.) (%),60.9525
2025-03-15 02:00:00+00:00,Ozone (O_{3}) (µg/m^{3}),0.1
2025-03-15 02:00:00+00:00,Coarse particulate matter (PM_{10}) (µg/m^{3}),99.85
2025-03-15 02:00:00+00:00,Fine particulate matter (PM_{2.5}) (µg/m^{3}),90.375
2025-03-15 02:00:00+00:00,Illuminance (% above/below thresholds),0.1
2025-03-15 02:00:00+00:00,Temperature (°C),19.4948167666667
2025-03-15 03:00:00+00:00,Sound pressure (dB(A)),47.5833333333333
2025-03-15 03:00:00+00:00,Formaldehyde (CH_{2}O) (µg/m^{3}),29.1088343558282
2025-03-15 03:00:00+00:00,Carbon dioxide (CO_{2}) (ppm),1355.425
2025-03-15 03:00:00+00:00,Relative humidity (R.H.) (%),59.9533333333333
2025-03-15 03:00:00+00:00,Ozone (O_{3}) (µg/m^{3}),0.1
2025-03-15 03:00:00+00:00,Coarse particulate matter (PM_{10}) (µg/m^{3}),90.4666666666667
2025-03-15 03:00:00+00:00,Fine particulate matter (PM_{2.5}) (µg/m^{3}),77.7
2025-03-15 03:00:00+00:00,Illuminance (% above/below thresholds),0.1
2025-03-15 03:00:00+00:00,Temperature (°C),19.1464834333333
2025-03-15 04:00:00+00:00,Sound pressure (dB(A)),44.1666666666667
2025-03-15 04:00:00+00:00,Formaldehyde (CH_{2}O) (µg/m^{3}),20.2428993410589
2025-03-15 04:00:00+00:00,Carbon dioxide (CO_{2}) (ppm),1107.30092592593
2025-03-15 04:00:00+00:00,Relative humidity (R.H.) (%),58.3453703703704
2025-03-15 04:00:00+00:00,Ozone (O_{3}) (µg/m^{3}),0.1
2025-03-15 04:00:00+00:00,Coarse particulate matter (PM_{10}) (µg/m^{3}),61.4074074074074
2025-03-15 04:00:00+00:00,Fine particulate matter (PM_{2.5}) (µg/m^{3}),53.212962962963
2025-03-15 04:00:00+00:00,Illuminance (% above/below thresholds),0.1
2025-03-15 04:00:00+00:00,Temperature (°C),18.8577797296296
2025-03-15 05:00:00+00:00,Sound pressure (dB(A)),40.9166666666667
2025-03-15 05:00:00+00:00,Formaldehyde (CH_{2}O) (µg/m^{3}),16.7242740286299
2025-03-15 05:00:00+00:00,Carbon dioxide (CO_{2}) (ppm),1223.95
2025-03-15 05:00:00+00:00,Relative humidity (R.H.) (%),58.165
2025-03-15 05:00:00+00:00,Ozone (O_{3}) (µg/m^{3}),0.1
2025-03-15 05:00:00+00:00,Coarse particulate matter (PM_{10}) (µg/m^{3}),42.8666666666667
2025-03-15 05:00:00+00:00,Fine particulate matter (PM_{2.5}) (µg/m^{3}),35.7833333333333
2025-03-15 05:00:00+00:00,Illuminance (% above/below thresholds),0.1
2025-03-15 05:00:00+00:00,Temperature (°C),18.6364834333333
2025-03-15 06:00:00+00:00,Sound pressure (dB(A)),40.6666666666667
2025-03-15 06:00:00+00:00,Formaldehyde (CH_{2}O) (µg/m^{3}),12.9286406199548
2025-03-15 06:00:00+00:00,Carbon dioxide (CO_{2}) (ppm),1010.70893141946
2025-03-15 06:00:00+00:00,Relative humidity (R.H.) (%),56.4489633173844
2025-03-15 06:00:00+00:00,Ozone (O_{3}) (µg/m^{3}),0.1
2025-03-15 06:00:00+00:00,Coarse particulate matter (PM_{10}) (µg/m^{3}),39.1491228070175
2025-03-15 06:00:00+00:00,Fine particulate matter (PM_{2.5}) (µg/m^{3}),28.8815789473684
2025-03-15 06:00:00+00:00,Illuminance (% above/below thresholds),0.1
2025-03-15 06:00:00+00:00,Temperature (°C),18.4118024125997
2025-03-15 07:00:00+00:00,Sound pressure (dB(A)),43.25
2025-03-15 07:00:00+00:00,Formaldehyde (CH_{2}O) (µg/m^{3}),8.72287467134093
2025-03-15 07:00:00+00:00,Carbon dioxide (CO_{2}) (ppm),1292.93537414966
2025-03-15 07:00:00+00:00,Relative humidity (R.H.) (%),62.4600340136054
2025-03-15 07:00:00+00:00,Ozone (O_{3}) (µg/m^{3}),0.1
2025-03-15 07:00:00+00:00,Coarse particulate matter (PM_{10}) (µg/m^{3}),75.8027210884354
2025-03-15 07:00:00+00:00,Fine particulate matter (PM_{2.5}) (µg/m^{3}),66.9030612244898
2025-03-15 07:00:00+00:00,Illuminance (% above/below thresholds),0.1
2025-03-15 07:00:00+00:00,Temperature (°C),18.3304460183674
2025-03-15 08:00:00+00:00,Sound pressure (dB(A)),41.5
2025-03-15 08:00:00+00:00,Formaldehyde (CH_{2}O) (µg/m^{3}),5.75324507587988
2025-03-15 08:00:00+00:00,Carbon dioxide (CO_{2}) (ppm),1203.69956140351
2025-03-15 08:00:00+00:00,Relative humidity (R.H.) (%),63.5469298245614
2025-03-15 08:00:00+00:00,Ozone (O_{3}) (µg/m^{3}),0.1
2025-03-15 08:00:00+00:00,Coarse particulate matter (PM_{10}) (µg/m^{3}),51.9605263157895
2025-03-15 08:00:00+00:00,Fine particulate matter (PM_{2.5}) (µg/m^{3}),47.75
2025-03-15 08:00:00+00:00,Illuminance (% above/below thresholds),0.1
2025-03-15 08:00:00+00:00,Temperature (°C),18.2880185210526
2025-03-15 09:00:00+00:00,Sound pressure (dB(A)),45.5833333333333
2025-03-15 09:00:00+00:00,Formaldehyde (CH_{2}O) (µg/m^{3}),3.17290388548057
2025-03-15 09:00:00+00:00,Carbon dioxide (CO_{2}) (ppm),1000.8
2025-03-15 09:00:00+00:00,Relative humidity (R.H.) (%),59.8216666666667
2025-03-15 09:00:00+00:00,Ozone (O_{3}) (µg/m^{3}),0.1
2025-03-15 09:00:00+00:00,Coarse particulate matter (PM_{10}) (µg/m^{3}),186.566666666667
2025-03-15 09:00:00+00:00,Fine particulate matter (PM_{2.5}) (µg/m^{3}),145.05
2025-03-15 09:00:00+00:00,Illuminance (% above/below thresholds),0.1
2025-03-15 09:00:00+00:00,Temperature (°C),18.1831501
2025-03-15 10:00:00+00:00,Sound pressure (dB(A)),64.6666666666667
2025-03-15 10:00:00+00:00,Formaldehyde (CH_{2}O) (µg/m^{3}),0.1
2025-03-15 10:00:00+00:00,Carbon dioxide (CO_{2}) (ppm),470.826257861635
2025-03-15 10:00:00+00:00,Relative humidity (R.H.) (%),48.9026729559748
2025-03-15 10:00:00+00:00,Ozone (O_{3}) (µg/m^{3}),0.1
2025-03-15 10:00:00+00:00,Coarse particulate matter (PM_{10}) (µg/m^{3}),19.5031446540881
2025-03-15 10:00:00+00:00,Fine particulate matter (PM_{2.5}) (µg/m^{3}),16.1588050314465
2025-03-15 10:00:00+00:00,Illuminance (% above/below thresholds),19.6428571428571
2025-03-15 10:00:00+00:00,Temperature (°C),17.6201312320755
2025-03-15 11:00:00+00:00,Sound pressure (dB(A)),72.1666666666667
2025-03-15 11:00:00+00:00,Formaldehyde (CH_{2}O) (µg/m^{3}),0.1
2025-03-15 11:00:00+00:00,Carbon dioxide (CO_{2}) (ppm),455.379385964912
2025-03-15 11:00:00+00:00,Relative humidity (R.H.) (%),42.0767543859649
2025-03-15 11:00:00+00:00,Ozone (O_{3}) (µg/m^{3}),0.1
2025-03-15 11:00:00+00:00,Coarse particulate matter (PM_{10}) (µg/m^{3}),5.55263157894737
2025-03-15 11:00:00+00:00,Fine particulate matter (PM_{2.5}) (µg/m^{3}),4.21929824561404
2025-03-15 11:00:00+00:00,Illuminance (% above/below thresholds),65
2025-03-15 11:00:00+00:00,Temperature (°C),16.5439395736842
2025-03-15 12:00:00+00:00,Sound pressure (dB(A)),68.9166666666667
2025-03-15 12:00:00+00:00,Formaldehyde (CH_{2}O) (µg/m^{3}),0.1
2025-03-15 12:00:00+00:00,Carbon dioxide (CO_{2}) (ppm),458.741666666667
2025-03-15 12:00:00+00:00,Relative humidity (R.H.) (%),40.3616666666667
2025-03-15 12:00:00+00:00,Ozone (O_{3}) (µg/m^{3}),0.1
2025-03-15 12:00:00+00:00,Coarse particulate matter (PM_{10}) (µg/m^{3}),60.6416666666667
2025-03-15 12:00:00+00:00,Fine particulate matter (PM_{2.5}) (µg/m^{3}),53.0083333333333
2025-03-15 12:00:00+00:00,Illuminance (% above/below thresholds),0.1
2025-03-15 12:00:00+00:00,Temperature (°C),16.8056501
2025-03-15 13:00:00+00:00,Sound pressure (dB(A)),62.0833333333333
2025-03-15 13:00:00+00:00,Formaldehyde (CH_{2}O) (µg/m^{3}),18.218609406953
2025-03-15 13:00:00+00:00,Carbon dioxide (CO_{2}) (ppm),1369.21666666667
2025-03-15 13:00:00+00:00,Relative humidity (R.H.) (%),46.3491666666667
2025-03-15 13:00:00+00:00,Ozone (O_{3}) (µg/m^{3}),0.1
2025-03-15 13:00:00+00:00,Coarse particulate matter (PM_{10}) (µg/m^{3}),70.7666666666667
2025-03-15 13:00:00+00:00,Fine particulate matter (PM_{2.5}) (µg/m^{3}),66.3333333333333
2025-03-15 13:00:00+00:00,Illuminance (% above/below thresholds),0.1
2025-03-15 13:00:00+00:00,Temperature (°C),18.2064834333333
2025-03-15 14:00:00+00:00,Sound pressure (dB(A)),66.6666666666667
2025-03-15 14:00:00+00:00,Formaldehyde (CH_{2}O) (µg/m^{3}),0.1
2025-03-15 14:00:00+00:00,Carbon dioxide (CO_{2}) (ppm),2321.31060606061
2025-03-15 14:00:00+00:00,Relative humidity (R.H.) (%),49.119696969697
2025-03-15 14:00:00+00:00,Ozone (O_{3}) (µg/m^{3}),0.1
2025-03-15 14:00:00+00:00,Coarse particulate matter (PM_{10}) (µg/m^{3}),34.8712121212121
2025-03-15 14:00:00+00:00,Fine particulate matter (PM_{2.5}) (µg/m^{3}),30.2045454545455
2025-03-15 14:00:00+00:00,Illuminance (% above/below thresholds),0.1
2025-03-15 14:00:00+00:00,Temperature (°C),19.622847069697
2025-03-15 15:00:00+00:00,Sound pressure (dB(A)),64.0833333333333
2025-03-15 15:00:00+00:00,Formaldehyde (CH_{2}O) (µg/m^{3}),0.1
2025-03-15 15:00:00+00:00,Carbon dioxide (CO_{2}) (ppm),3198.94642857143
2025-03-15 15:00:00+00:00,Relative humidity (R.H.) (%),52.0154761904762
2025-03-15 15:00:00+00:00,Ozone (O_{3}) (µg/m^{3}),0.1
2025-03-15 15:00:00+00:00,Coarse particulate matter (PM_{10}) (µg/m^{3}),48.3095238095238
2025-03-15 15:00:00+00:00,Fine particulate matter (PM_{2.5}) (µg/m^{3}),38.9761904761905
2025-03-15 15:00:00+00:00,Illuminance (% above/below thresholds),0.1
2025-03-15 15:00:00+00:00,Temperature (°C),20.1263643857143
2025-03-15 16:00:00+00:00,Sound pressure (dB(A)),59.8333333333333
2025-03-15 16:00:00+00:00,Formaldehyde (CH_{2}O) (µg/m^{3}),0.1
2025-03-15 16:00:00+00:00,Carbon dioxide (CO_{2}) (ppm),4265.61666666667
2025-03-15 16:00:00+00:00,Relative humidity (R.H.) (%),54.27
2025-03-15 16:00:00+00:00,Ozone (O_{3}) (µg/m^{3}),0.1
2025-03-15 16:00:00+00:00,Coarse particulate matter (PM_{10}) (µg/m^{3}),54.25
2025-03-15 16:00:00+00:00,Fine particulate matter (PM_{2.5}) (µg/m^{3}),50.6666666666667
2025-03-15 16:00:00+00:00,Illuminance (% above/below thresholds),0.1
2025-03-15 16:00:00+00:00,Temperature (°C),20.7564834333333
2025-03-15 17:00:00+00:00,Sound pressure (dB(A)),58.1666666666667
2025-03-15 17:00:00+00:00,Formaldehyde (CH_{2}O) (µg/m^{3}),0.1
2025-03-15 17:00:00+00:00,Carbon dioxide (CO_{2}) (ppm),4824.3
2025-03-15 17:00:00+00:00,Relative humidity (R.H.) (%),55.2141666666667
2025-03-15 17:00:00+00:00,Ozone (O_{3}) (µg/m^{3}),0.1
2025-03-15 17:00:00+00:00,Coarse particulate matter (PM_{10}) (µg/m^{3}),53.9166666666667
2025-03-15 17:00:00+00:00,Fine particulate matter (PM_{2.5}) (µg/m^{3}),51.75
2025-03-15 17:00:00+00:00,Illuminance (% above/below thresholds),0.1
2025-03-15 17:00:00+00:00,Temperature (°C),21.4639834333333
2025-03-15 18:00:00+00:00,Sound pressure (dB(A)),60.3333333333333
2025-03-15 18:00:00+00:00,Formaldehyde (CH_{2}O) (µg/m^{3}),0.1
2025-03-15 18:00:00+00:00,Carbon dioxide (CO_{2}) (ppm),5169.98333333333
2025-03-15 18:00:00+00:00,Relative humidity (R.H.) (%),56.2016666666667
2025-03-15 18:00:00+00:00,Ozone (O_{3}) (µg/m^{3}),0.1
2025-03-15 18:00:00+00:00,Coarse particulate matter (PM_{10}) (µg/m^{3}),64.1083333333333
2025-03-15 18:00:00+00:00,Fine particulate matter (PM_{2.5}) (µg/m^{3}),63.025
2025-03-15 18:00:00+00:00,Illuminance (% above/below thresholds),0.1
2025-03-15 18:00:00+00:00,Temperature (°C),21.7914834333333
2025-03-15 19:00:00+00:00,Sound pressure (dB(A)),54.1666666666667
2025-03-15 19:00:00+00:00,Formaldehyde (CH_{2}O) (µg/m^{3}),0.1
2025-03-15 19:00:00+00:00,Carbon dioxide (CO_{2}) (ppm),1351.29166666667
2025-03-15 19:00:00+00:00,Relative humidity (R.H.) (%),45.8841666666667
2025-03-15 19:00:00+00:00,Ozone (O_{3}) (µg/m^{3}),0.1
2025-03-15 19:00:00+00:00,Coarse particulate matter (PM_{10}) (µg/m^{3}),25.075
2025-03-15 19:00:00+00:00,Fine particulate matter (PM_{2.5}) (µg/m^{3}),19.5583333333333
2025-03-15 19:00:00+00:00,Illuminance (% above/below thresholds),0.1
2025-03-15 19:00:00+00:00,Temperature (°C),20.4273167666667
2025-03-15 20:00:00+00:00,Sound pressure (dB(A)),61.25
2025-03-15 20:00:00+00:00,Formaldehyde (CH_{2}O) (µg/m^{3}),0.1
2025-03-15 20:00:00+00:00,Carbon dioxide (CO_{2}) (ppm),502.733333333333
2025-03-15 20:00:00+00:00,Relative humidity (R.H.) (%),44.9116666666667
2025-03-15 20:00:00+00:00,Ozone (O_{3}) (µg/m^{3}),0.1
2025-03-15 20:00:00+00:00,Coarse particulate matter (PM_{10}) (µg/m^{3}),25.6833333333333
2025-03-15 20:00:00+00:00,Fine particulate matter (PM_{2.5}) (µg/m^{3}),20.2666666666667
2025-03-15 20:00:00+00:00,Illuminance (% above/below thresholds),0.1
2025-03-15 20:00:00+00:00,Temperature (°C),19.2623167666667
2025-03-15 21:00:00+00:00,Sound pressure (dB(A)),64.1666666666667
2025-03-15 21:00:00+00:00,Formaldehyde (CH_{2}O) (µg/m^{3}),0.1
2025-03-15 21:00:00+00:00,Carbon dioxide (CO_{2}) (ppm),2052.25
2025-03-15 21:00:00+00:00,Relative humidity (R.H.) (%),53.3775
2025-03-15 21:00:00+00:00,Ozone (O_{3}) (µg/m^{3}),0.1
2025-03-15 21:00:00+00:00,Coarse particulate matter (PM_{10}) (µg/m^{3}),101.091666666667
2025-03-15 21:00:00+00:00,Fine particulate matter (PM_{2.5}) (µg/m^{3}),86.7
2025-03-15 21:00:00+00:00,Illuminance (% above/below thresholds),0.1
2025-03-15 21:00:00+00:00,Temperature (°C),20.0864834333333
2025-03-15 22:00:00+00:00,Sound pressure (dB(A)),60.4166666666667
2025-03-15 22:00:00+00:00,Formaldehyde (CH_{2}O) (µg/m^{3}),7.77873210633947
2025-03-15 22:00:00+00:00,Carbon dioxide (CO_{2}) (ppm),4006.58333333333
2025-03-15 22:00:00+00:00,Relative humidity (R.H.) (%),61.0491666666667
2025-03-15 22:00:00+00:00,Ozone (O_{3}) (µg/m^{3}),0.1
2025-03-15 22:00:00+00:00,Coarse particulate matter (PM_{10}) (µg/m^{3}),174.516666666667
2025-03-15 22:00:00+00:00,Fine particulate matter (PM_{2.5}) (µg/m^{3}),151.766666666667
2025-03-15 22:00:00+00:00,Illuminance (% above/below thresholds),0.1
2025-03-15 22:00:00+00:00,Temperature (°C),21.3348167666667
2025-03-15 23:00:00+00:00,Sound pressure (dB(A)),60.3333333333333
2025-03-15 23:00:00+00:00,Formaldehyde (CH_{2}O) (µg/m^{3}),6.05922290388548
2025-03-15 23:00:00+00:00,Carbon dioxide (CO_{2}) (ppm),4754.39166666667
2025-03-15 23:00:00+00:00,Relative humidity (R.H.) (%),60.755
2025-03-15 23:00:00+00:00,Ozone (O_{3}) (µg/m^{3}),0.1
2025-03-15 23:00:00+00:00,Coarse particulate matter (PM_{10}) (µg/m^{3}),170.116666666667
2025-03-15 23:00:00+00:00,Fine particulate matter (PM_{2.5}) (µg/m^{3}),140.866666666667
2025-03-15 23:00:00+00:00,Illuminance (% above/below thresholds),0.1
2025-03-15 23:00:00+00:00,Temperature (°C),21.9173167666667
2025-03-16 00:00:00+00:00,Sound pressure (dB(A)),52.6666666666667
2025-03-16 00:00:00+00:00,Formaldehyde (CH_{2}O) (µg/m^{3}),4.97429447852761
2025-03-16 00:00:00+00:00,Carbon dioxide (CO_{2}) (ppm),4637.93333333333
2025-03-16 00:00:00+00:00,Relative humidity (R.H.) (%),58.3616666666667
2025-03-16 00:00:00+00:00,Ozone (O_{3}) (µg/m^{3}),0.1
2025-03-16 00:00:00+00:00,Coarse particulate matter (PM_{10}) (µg/m^{3}),141.716666666667
2025-03-16 00:00:00+00:00,Fine particulate matter (PM_{2.5}) (µg/m^{3}),127.433333333333
2025-03-16 00:00:00+00:00,Illuminance (% above/below thresholds),0.1
2025-03-16 00:00:00+00:00,Temperature (°C),21.7610652666667
2025-03-16 01:00:00+00:00,Sound pressure (dB(A)),47.75
2025-03-16 01:00:00+00:00,Formaldehyde (CH_{2}O) (µg/m^{3}),1.8218609406953
2025-03-16 01:00:00+00:00,Carbon dioxide (CO_{2}) (ppm),3392.59166666667
2025-03-16 01:00:00+00:00,Relative humidity (R.H.) (%),55.2625
2025-03-16 01:00:00+00:00,Ozone (O_{3}) (µg/m^{3}),0.1
2025-03-16 01:00:00+00:00,Coarse particulate matter (PM_{10}) (µg/m^{3}),122.666666666667
2025-03-16 01:00:00+00:00,Fine particulate matter (PM_{2.5}) (µg/m^{3}),98.4916666666667
2025-03-16 01:00:00+00:00,Illuminance (% above/below thresholds),0.1
2025-03-16 01:00:00+00:00,Temperature (°C),20.6235652666667
2025-03-16 02:00:00+00:00,Sound pressure (dB(A)),47.0833333333333
2025-03-16 02:00:00+00:00,Formaldehyde (CH_{2}O) (µg/m^{3}),0.184233128834356
2025-03-16 02:00:00+00:00,Carbon dioxide (CO_{2}) (ppm),2561.84166666667
2025-03-16 02:00:00+00:00,Relative humidity (R.H.) (%),54.0283333333333
2025-03-16 02:00:00+00:00,Ozone (O_{3}) (µg/m^{3}),0.1
2025-03-16 02:00:00+00:00,Coarse particulate matter (PM_{10}) (µg/m^{3}),81.4916666666667
2025-03-16 02:00:00+00:00,Fine particulate matter (PM_{2.5}) (µg/m^{3}),73.6333333333333
2025-03-16 02:00:00+00:00,Illuminance (% above/below thresholds),0.1
2025-03-16 02:00:00+00:00,Temperature (°C),19.9018986
2025-03-16 03:00:00+00:00,Sound pressure (dB(A)),44
2025-03-16 03:00:00+00:00,Formaldehyde (CH_{2}O) (µg/m^{3}),0.1
2025-03-16 03:00:00+00:00,Carbon dioxide (CO_{2}) (ppm),2003.37542087542
2025-03-16 03:00:00+00:00,Relative humidity (R.H.) (%),53.3698653198653
2025-03-16 03:00:00+00:00,Ozone (O_{3}) (µg/m^{3}),0.1
2025-03-16 03:00:00+00:00,Coarse particulate matter (PM_{10}) (µg/m^{3}),68.6759259259259
2025-03-16 03:00:00+00:00,Fine particulate matter (PM_{2.5}) (µg/m^{3}),57.4259259259259
2025-03-16 03:00:00+00:00,Illuminance (% above/below thresholds),0.1
2025-03-16 03:00:00+00:00,Temperature (°C),19.425063583165
2025-03-16 04:00:00+00:00,Sound pressure (dB(A)),41.75
2025-03-16 04:00:00+00:00,Formaldehyde (CH_{2}O) (µg/m^{3}),0.1
2025-03-16 04:00:00+00:00,Carbon dioxide (CO_{2}) (ppm),1760.06666666667
2025-03-16 04:00:00+00:00,Relative humidity (R.H.) (%),53.5116666666667
2025-03-16 04:00:00+00:00,Ozone (O_{3}) (µg/m^{3}),0.1
2025-03-16 04:00:00+00:00,Coarse particulate matter (PM_{10}) (µg/m^{3}),216.566666666667
2025-03-16 04:00:00+00:00,Fine particulate matter (PM_{2.5}) (µg/m^{3}),164.933333333333
2025-03-16 04:00:00+00:00,Illuminance (% above/below thresholds),0.1
2025-03-16 04:00:00+00:00,Temperature (°C),19.1252319333333
2025-03-16 05:00:00+00:00,Sound pressure (dB(A)),42.9090909090909
2025-03-16 05:00:00+00:00,Formaldehyde (CH_{2}O) (µg/m^{3}),0.1
2025-03-16 05:00:00+00:00,Carbon dioxide (CO_{2}) (ppm),1497.39393939394
2025-03-16 05:00:00+00:00,Relative humidity (R.H.) (%),52.9730303030303
2025-03-16 05:00:00+00:00,Ozone (O_{3}) (µg/m^{3}),0.1
2025-03-16 05:00:00+00:00,Coarse particulate matter (PM_{10}) (µg/m^{3}),165.783333333333
2025-03-16 05:00:00+00:00,Fine particulate matter (PM_{2.5}) (µg/m^{3}),125.933333333333
2025-03-16 05:00:00+00:00,Illuminance (% above/below thresholds),0.1
2025-03-16 05:00:00+00:00,Temperature (°C),18.852201630303
2025-03-16 06:00:00+00:00,Sound pressure (dB(A)),41.25
2025-03-16 06:00:00+00:00,Formaldehyde (CH_{2}O) (µg/m^{3}),0.1
2025-03-16 06:00:00+00:00,Carbon dioxide (CO_{2}) (ppm),1243.13333333333
2025-03-16 06:00:00+00:00,Relative humidity (R.H.) (%),52.4775
2025-03-16 06:00:00+00:00,Ozone (O_{3}) (µg/m^{3}),0.1
2025-03-16 06:00:00+00:00,Coarse particulate matter (PM_{10}) (µg/m^{3}),142.85
2025-03-16 06:00:00+00:00,Fine particulate matter (PM_{2.5}) (µg/m^{3}),112.825
2025-03-16 06:00:00+00:00,Illuminance (% above/below thresholds),0.1
2025-03-16 06:00:00+00:00,Temperature (°C),18.6510652666667
2025-03-16 07:00:00+00:00,Sound pressure (dB(A)),44.3333333333333
2025-03-16 07:00:00+00:00,Formaldehyde (CH_{2}O) (µg/m^{3}),0.1
2025-03-16 07:00:00+00:00,Carbon dioxide (CO_{2}) (ppm),1003.85833333333
2025-03-16 07:00:00+00:00,Relative humidity (R.H.) (%),51.4508333333333
2025-03-16 07:00:00+00:00,Ozone (O_{3}) (µg/m^{3}),0.1
2025-03-16 07:00:00+00:00,Coarse particulate matter (PM_{10}) (µg/m^{3}),181.283333333333
2025-03-16 07:00:00+00:00,Fine particulate matter (PM_{2.5}) (µg/m^{3}),143.958333333333
2025-03-16 07:00:00+00:00,Illuminance (% above/below thresholds),0.1
2025-03-16 07:00:00+00:00,Temperature (°C),18.4768986
2025-03-16 08:00:00+00:00,Sound pressure (dB(A)),45
2025-03-16 08:00:00+00:00,Formaldehyde (CH_{2}O) (µg/m^{3}),0.1
2025-03-16 08:00:00+00:00,Carbon dioxide (CO_{2}) (ppm),1741.56666666667
2025-03-16 08:00:00+00:00,Relative humidity (R.H.) (%),57.9791666666667
2025-03-16 08:00:00+00:00,Ozone (O_{3}) (µg/m^{3}),0.1
2025-03-16 08:00:00+00:00,Coarse particulate matter (PM_{10}) (µg/m^{3}),110.991666666667
2025-03-16 08:00:00+00:00,Fine particulate matter (PM_{2.5}) (µg/m^{3}),93.575
2025-03-16 08:00:00+00:00,Illuminance (% above/below thresholds),0.1
2025-03-16 08:00:00+00:00,Temperature (°C),18.4702319333333
2025-03-16 09:00:00+00:00,Sound pressure (dB(A)),49.6666666666667
2025-03-16 09:00:00+00:00,Formaldehyde (CH_{2}O) (µg/m^{3}),0.286584867075665
2025-03-16 09:00:00+00:00,Carbon dioxide (CO_{2}) (ppm),1796.925
2025-03-16 09:00:00+00:00,Relative humidity (R.H.) (%),59.1925
2025-03-16 09:00:00+00:00,Ozone (O_{3}) (µg/m^{3}),0.1
2025-03-16 09:00:00+00:00,Coarse particulate matter (PM_{10}) (µg/m^{3}),118.808333333333
2025-03-16 09:00:00+00:00,Fine particulate matter (PM_{2.5}) (µg/m^{3}),85.55
2025-03-16 09:00:00+00:00,Illuminance (% above/below thresholds),0.1
2025-03-16 09:00:00+00:00,Temperature (°C),18.5460652666667
2025-03-16 10:00:00+00:00,Sound pressure (dB(A)),50.4166666666667
2025-03-16 10:00:00+00:00,Formaldehyde (CH_{2}O) (µg/m^{3}),0.1
2025-03-16 10:00:00+00:00,Carbon dioxide (CO_{2}) (ppm),570.125
2025-03-16 10:00:00+00:00,Relative humidity (R.H.) (%),50.9591666666667
2025-03-16 10:00:00+00:00,Ozone (O_{3}) (µg/m^{3}),0.1
2025-03-16 10:00:00+00:00,Coarse particulate matter (PM_{10}) (µg/m^{3}),27.875
2025-03-16 10:00:00+00:00,Fine particulate matter (PM_{2.5}) (µg/m^{3}),19.9833333333333
2025-03-16 10:00:00+00:00,Illuminance (% above/below thresholds),0.1
2025-03-16 10:00:00+00:00,Temperature (°C),18.2252319333333
2025-03-16 11:00:00+00:00,Sound pressure (dB(A)),70.3333333333333
2025-03-16 11:00:00+00:00,Formaldehyde (CH_{2}O) (µg/m^{3}),0.1
2025-03-16 11:00:00+00:00,Carbon dioxide (CO_{2}) (ppm),1258.31666666667
2025-03-16 11:00:00+00:00,Relative humidity (R.H.) (%),52.0375
2025-03-16 11:00:00+00:00,Ozone (O_{3}) (µg/m^{3}),0.1
2025-03-16 11:00:00+00:00,Coarse particulate matter (PM_{10}) (µg/m^{3}),41.5583333333333
2025-03-16 11:00:00+00:00,Fine particulate matter (PM_{2.5}) (µg/m^{3}),26.5166666666667
2025-03-16 11:00:00+00:00,Illuminance (% above/below thresholds),1.66666666666667
2025-03-16 11:00:00+00:00,Temperature (°C),18.8843986
2025-03-16 12:00:00+00:00,Sound pressure (dB(A)),58
2025-03-16 12:00:00+00:00,Formaldehyde (CH_{2}O) (µg/m^{3}),0.1
2025-03-16 12:00:00+00:00,Carbon dioxide (CO_{2}) (ppm),2522.79166666667
2025-03-16 12:00:00+00:00,Relative humidity (R.H.) (%),54.5258333333333
2025-03-16 12:00:00+00:00,Ozone (O_{3}) (µg/m^{3}),0.1
2025-03-16 12:00:00+00:00,Coarse particulate matter (PM_{10}) (µg/m^{3}),67.425
2025-03-16 12:00:00+00:00,Fine particulate matter (PM_{2.5}) (µg/m^{3}),61.0833333333333
2025-03-16 12:00:00+00:00,Illuminance (% above/below thresholds),0.1
2025-03-16 12:00:00+00:00,Temperature (°C),20.1485652666667
2025-03-16 13:00:00+00:00,Sound pressure (dB(A)),57
2025-03-16 13:00:00+00:00,Formaldehyde (CH_{2}O) (µg/m^{3}),0.1
2025-03-16 13:00:00+00:00,Carbon dioxide (CO_{2}) (ppm),3768.46666666667
2025-03-16 13:00:00+00:00,Relative humidity (R.H.) (%),56.3258333333333
2025-03-16 13:00:00+00:00,Ozone (O_{3}) (µg/m^{3}),0.1
2025-03-16 13:00:00+00:00,Coarse particulate matter (PM_{10}) (µg/m^{3}),55.5416666666667
2025-03-16 13:00:00+00:00,Fine particulate matter (PM_{2.5}) (µg/m^{3}),51.375
2025-03-16 13:00:00+00:00,Illuminance (% above/below thresholds),0.1
2025-03-16 13:00:00+00:00,Temperature (°C),21.0210652666667
2025-03-16 14:00:00+00:00,Sound pressure (dB(A)),63.8333333333333
2025-03-16 14:00:00+00:00,Formaldehyde (CH_{2}O) (µg/m^{3}),2.19032719836401
2025-03-16 14:00:00+00:00,Carbon dioxide (CO_{2}) (ppm),4697.25
2025-03-16 14:00:00+00:00,Relative humidity (R.H.) (%),58.9316666666667
2025-03-16 14:00:00+00:00,Ozone (O_{3}) (µg/m^{3}),0.1
2025-03-16 14:00:00+00:00,Coarse particulate matter (PM_{10}) (µg/m^{3}),159.375
2025-03-16 14:00:00+00:00,Fine particulate matter (PM_{2.5}) (µg/m^{3}),128.675
2025-03-16 14:00:00+00:00,Illuminance (% above/below thresholds),0.1
2025-03-16 14:00:00+00:00,Temperature (°C),21.6402319333333
2025-03-16 15:00:00+00:00,Sound pressure (dB(A)),56.5
2025-03-16 15:00:00+00:00,Formaldehyde (CH_{2}O) (µg/m^{3}),4.40112474437628
2025-03-16 15:00:00+00:00,Carbon dioxide (CO_{2}) (ppm),4882.625
2025-03-16 15:00:00+00:00,Relative humidity (R.H.) (%),60.92
2025-03-16 15:00:00+00:00,Ozone (O_{3}) (µg/m^{3}),0.1
2025-03-16 15:00:00+00:00,Coarse particulate matter (PM_{10}) (µg/m^{3}),149.033333333333
2025-03-16 15:00:00+00:00,Fine particulate matter (PM_{2.5}) (µg/m^{3}),124.7
2025-03-16 15:00:00+00:00,Illuminance (% above/below thresholds),0.1
2025-03-16 15:00:00+00:00,Temperature (°C),22.1252319333333
2025-03-16 16:00:00+00:00,Sound pressure (dB(A)),57
2025-03-16 16:00:00+00:00,Formaldehyde (CH_{2}O) (µg/m^{3}),2.12891615541922
2025-03-16 16:00:00+00:00,Carbon dioxide (CO_{2}) (ppm),5271.58333333333
2025-03-16 16:00:00+00:00,Relative humidity (R.H.) (%),61.3875
2025-03-16 16:00:00+00:00,Ozone (O_{3}) (µg/m^{3}),0.1
2025-03-16 16:00:00+00:00,Coarse particulate matter (PM_{10}) (µg/m^{3}),118.65
2025-03-16 16:00:00+00:00,Fine particulate matter (PM_{2.5}) (µg/m^{3}),105.65
2025-03-16 16:00:00+00:00,Illuminance (% above/below thresholds),0.1
2025-03-16 16:00:00+00:00,Temperature (°C),22.4918986
2025-03-16 17:00:00+00:00,Sound pressure (dB(A)),55.6666666666667
2025-03-16 17:00:00+00:00,Formaldehyde (CH_{2}O) (µg/m^{3}),11.6680981595092
2025-03-16 17:00:00+00:00,Carbon dioxide (CO_{2}) (ppm),2721.33333333333
2025-03-16 17:00:00+00:00,Relative humidity (R.H.) (%),56.58
2025-03-16 17:00:00+00:00,Ozone (O_{3}) (µg/m^{3}),0.1
2025-03-16 17:00:00+00:00,Coarse particulate matter (PM_{10}) (µg/m^{3}),46.5833333333333
2025-03-16 17:00:00+00:00,Fine particulate matter (PM_{2.5}) (µg/m^{3}),42.3
2025-03-16 17:00:00+00:00,Illuminance (% above/below thresholds),0.1
2025-03-16 17:00:00+00:00,Temperature (°C),21.9210652666667
2025-03-16 18:00:00+00:00,Sound pressure (dB(A)),59.5
2025-03-16 18:00:00+00:00,Formaldehyde (CH_{2}O) (µg/m^{3}),0.1
2025-03-16 18:00:00+00:00,Carbon dioxide (CO_{2}) (ppm),477.15
2025-03-16 18:00:00+00:00,Relative humidity (R.H.) (%),53.3091666666667
2025-03-16 18:00:00+00:00,Ozone (O_{3}) (µg/m^{3}),0.1
2025-03-16 18:00:00+00:00,Coarse particulate matter (PM_{10}) (µg/m^{3}),5.03333333333333
2025-03-16 18:00:00+00:00,Fine particulate matter (PM_{2.5}) (µg/m^{3}),4.36666666666667
2025-03-16 18:00:00+00:00,Illuminance (% above/below thresholds),0.1
2025-03-16 18:00:00+00:00,Temperature (°C),20.3677319333333
2025-03-16 19:00:00+00:00,Sound pressure (dB(A)),71.9166666666667
2025-03-16 19:00:00+00:00,Formaldehyde (CH_{2}O) (µg/m^{3}),0.1
2025-03-16 19:00:00+00:00,Carbon dioxide (CO_{2}) (ppm),587.341666666667
2025-03-16 19:00:00+00:00,Relative humidity (R.H.) (%),53.1725
2025-03-16 19:00:00+00:00,Ozone (O_{3}) (µg/m^{3}),0.1
2025-03-16 19:00:00+00:00,Coarse particulate matter (PM_{10}) (µg/m^{3}),16.3583333333333
2025-03-16 19:00:00+00:00,Fine particulate matter (PM_{2.5}) (µg/m^{3}),13.3583333333333
2025-03-16 19:00:00+00:00,Illuminance (% above/below thresholds),0.1
2025-03-16 19:00:00+00:00,Temperature (°C),19.7235652666667
2025-03-16 20:00:00+00:00,Sound pressure (dB(A)),64.1666666666667
2025-03-16 20:00:00+00:00,Formaldehyde (CH_{2}O) (µg/m^{3}),0.143292433537832
2025-03-16 20:00:00+00:00,Carbon dioxide (CO_{2}) (ppm),2093.4
2025-03-16 20:00:00+00:00,Relative humidity (R.H.) (%),56.5633333333333
2025-03-16 20:00:00+00:00,Ozone (O_{3}) (µg/m^{3}),0.1
2025-03-16 20:00:00+00:00,Coarse particulate matter (PM_{10}) (µg/m^{3}),45.575
2025-03-16 20:00:00+00:00,Fine particulate matter (PM_{2.5}) (µg/m^{3}),44.4083333333333
2025-03-16 20:00:00+00:00,Illuminance (% above/below thresholds),0.1
2025-03-16 20:00:00+00:00,Temperature (°C),20.7760652666667
2025-03-16 21:00:00+00:00,Sound pressure (dB(A)),56.1666666666667
2025-03-16 21:00:00+00:00,Formaldehyde (CH_{2}O) (µg/m^{3}),0.0614110429447852
2025-03-16 21:00:00+00:00,Carbon dioxide (CO_{2}) (ppm),3724.53333333333
2025-03-16 21:00:00+00:00,Relative humidity (R.H.) (%),59.3133333333333
2025-03-16 21:00:00+00:00,Ozone (O_{3}) (µg/m^{3}),0.1
2025-03-16 21:00:00+00:00,Coarse particulate matter (PM_{10}) (µg/m^{3}),75.9666666666667
2025-03-16 21:00:00+00:00,Fine particulate matter (PM_{2.5}) (µg/m^{3}),68.3
2025-03-16 21:00:00+00:00,Illuminance (% above/below thresholds),0.1
2025-03-16 21:00:00+00:00,Temperature (°C),21.7060652666667
2025-03-16 22:00:00+00:00,Sound pressure (dB(A)),61.3333333333333
2025-03-16 22:00:00+00:00,Formaldehyde (CH_{2}O) (µg/m^{3}),8.3519018404908
2025-03-16 22:00:00+00:00,Carbon dioxide (CO_{2}) (ppm),4711.99166666667
2025-03-16 22:00:00+00:00,Relative humidity (R.H.) (%),63.195
2025-03-16 22:00:00+00:00,Ozone (O_{3}) (µg/m^{3}),0.1
2025-03-16 22:00:00+00:00,Coarse particulate matter (PM_{10}) (µg/m^{3}),114.95
2025-03-16 22:00:00+00:00,Fine particulate matter (PM_{2.5}) (µg/m^{3}),93.7
2025-03-16 22:00:00+00:00,Illuminance (% above/below thresholds),0.1
2025-03-16 22:00:00+00:00,Temperature (°C),22.2960652666667
2025-03-16 23:00:00+00:00,Sound pressure (dB(A)),53.6666666666667
2025-03-16 23:00:00+00:00,Formaldehyde (CH_{2}O) (µg/m^{3}),7.51261758691207
2025-03-16 23:00:00+00:00,Carbon dioxide (CO_{2}) (ppm),4872.96666666667
2025-03-16 23:00:00+00:00,Relative humidity (R.H.) (%),62.84
2025-03-16 23:00:00+00:00,Ozone (O_{3}) (µg/m^{3}),0.1
2025-03-16 23:00:00+00:00,Coarse particulate matter (PM_{10}) (µg/m^{3}),104.566666666667
2025-03-16 23:00:00+00:00,Fine particulate matter (PM_{2.5}) (µg/m^{3}),88.7333333333333
2025-03-16 23:00:00+00:00,Illuminance (% above/below thresholds),0.1
2025-03-16 23:00:00+00:00,Temperature (°C),22.1868986
2025-03-17 00:00:00+00:00,Sound pressure (dB(A)),46.25
2025-03-17 00:00:00+00:00,Formaldehyde (CH_{2}O) (µg/m^{3}),5.69075664621677
2025-03-17 00:00:00+00:00,Carbon dioxide (CO_{2}) (ppm),4165.4
2025-03-17 00:00:00+00:00,Relative humidity (R.H.) (%),61.0108333333333
2025-03-17 00:00:00+00:00,Ozone (O_{3}) (µg/m^{3}),0.1
2025-03-17 00:00:00+00:00,Coarse particulate matter (PM_{10}) (µg/m^{3}),77.075
2025-03-17 00:00:00+00:00,Fine particulate matter (PM_{2.5}) (µg/m^{3}),69.325
2025-03-17 00:00:00+00:00,Illuminance (% above/below thresholds),0.1
2025-03-17 00:00:00+00:00,Temperature (°C),21.1396304666667
2025-03-17 01:00:00+00:00,Sound pressure (dB(A)),44.5833333333333
2025-03-17 01:00:00+00:00,Formaldehyde (CH_{2}O) (µg/m^{3}),3.58231083844581
2025-03-17 01:00:00+00:00,Carbon dioxide (CO_{2}) (ppm),3328.44166666667
2025-03-17 01:00:00+00:00,Relative humidity (R.H.) (%),60.01
2025-03-17 01:00:00+00:00,Ozone (O_{3}) (µg/m^{3}),0.1
2025-03-17 01:00:00+00:00,Coarse particulate matter (PM_{10}) (µg/m^{3}),61.2
2025-03-17 01:00:00+00:00,Fine particulate matter (PM_{2.5}) (µg/m^{3}),56.2
2025-03-17 01:00:00+00:00,Illuminance (% above/below thresholds),0.1
2025-03-17 01:00:00+00:00,Temperature (°C),20.3871304666667
2025-03-17 02:00:00+00:00,Sound pressure (dB(A)),45.8333333333333
2025-03-17 02:00:00+00:00,Formaldehyde (CH_{2}O) (µg/m^{3}),2.12891615541922
2025-03-17 02:00:00+00:00,Carbon dioxide (CO_{2}) (ppm),2610.50833333333
2025-03-17 02:00:00+00:00,Relative humidity (R.H.) (%),58.9025
2025-03-17 02:00:00+00:00,Ozone (O_{3}) (µg/m^{3}),0.1
2025-03-17 02:00:00+00:00,Coarse particulate matter (PM_{10}) (µg/m^{3}),48.725
2025-03-17 02:00:00+00:00,Fine particulate matter (PM_{2.5}) (µg/m^{3}),42.2916666666667
2025-03-17 02:00:00+00:00,Illuminance (% above/below thresholds),0.1
2025-03-17 02:00:00+00:00,Temperature (°C),19.8754638
2025-03-17 03:00:00+00:00,Sound pressure (dB(A)),43.8333333333333
2025-03-17 03:00:00+00:00,Formaldehyde (CH_{2}O) (µg/m^{3}),0.320405441451054
2025-03-17 03:00:00+00:00,Carbon dioxide (CO_{2}) (ppm),1993.59420289855
2025-03-17 03:00:00+00:00,Relative humidity (R.H.) (%),57.6768115942029
2025-03-17 03:00:00+00:00,Ozone (O_{3}) (µg/m^{3}),0.1
2025-03-17 03:00:00+00:00,Coarse particulate matter (PM_{10}) (µg/m^{3}),32.7898550724638
2025-03-17 03:00:00+00:00,Fine particulate matter (PM_{2.5}) (µg/m^{3}),27.945652173913
2025-03-17 03:00:00+00:00,Illuminance (% above/below thresholds),0.1
2025-03-17 03:00:00+00:00,Temperature (°C),19.4831449594203
2025-03-17 04:00:00+00:00,Sound pressure (dB(A)),46.5833333333333
2025-03-17 04:00:00+00:00,Formaldehyde (CH_{2}O) (µg/m^{3}),0.0272937968643489
2025-03-17 04:00:00+00:00,Carbon dioxide (CO_{2}) (ppm),1655.01666666667
2025-03-17 04:00:00+00:00,Relative humidity (R.H.) (%),57.5005555555556
2025-03-17 04:00:00+00:00,Ozone (O_{3}) (µg/m^{3}),0.1
2025-03-17 04:00:00+00:00,Coarse particulate matter (PM_{10}) (µg/m^{3}),24.1388888888889
2025-03-17 04:00:00+00:00,Fine particulate matter (PM_{2.5}) (µg/m^{3}),22.5555555555556
2025-03-17 04:00:00+00:00,Illuminance (% above/below thresholds),0.1
2025-03-17 04:00:00+00:00,Temperature (°C),19.1207415777778
2025-03-17 05:00:00+00:00,Sound pressure (dB(A)),44
2025-03-17 05:00:00+00:00,Formaldehyde (CH_{2}O) (µg/m^{3}),2.14938650306749
2025-03-17 05:00:00+00:00,Carbon dioxide (CO_{2}) (ppm),1766.725
2025-03-17 05:00:00+00:00,Relative humidity (R.H.) (%),59.1633333333333
2025-03-17 05:00:00+00:00,Ozone (O_{3}) (µg/m^{3}),0.1
2025-03-17 05:00:00+00:00,Coarse particulate matter (PM_{10}) (µg/m^{3}),28.075
2025-03-17 05:00:00+00:00,Fine particulate matter (PM_{2.5}) (µg/m^{3}),21.8833333333333
2025-03-17 05:00:00+00:00,Illuminance (% above/below thresholds),0.1
2025-03-17 05:00:00+00:00,Temperature (°C),19.1146304666667
2025-03-17 06:00:00+00:00,Sound pressure (dB(A)),40.4166666666667
2025-03-17 06:00:00+00:00,Formaldehyde (CH_{2}O) (µg/m^{3}),0.1
2025-03-17 06:00:00+00:00,Carbon dioxide (CO_{2}) (ppm),531.258333333333
2025-03-17 06:00:00+00:00,Relative humidity (R.H.) (%),52.2683333333334
2025-03-17 06:00:00+00:00,Ozone (O_{3}) (µg/m^{3}),0.1
2025-03-17 06:00:00+00:00,Coarse particulate matter (PM_{10}) (µg/m^{3}),4.71666666666667
2025-03-17 06:00:00+00:00,Fine particulate matter (PM_{2.5}) (µg/m^{3}),3.38333333333333
2025-03-17 06:00:00+00:00,Illuminance (% above/below thresholds),0.1
2025-03-17 06:00:00+00:00,Temperature (°C),18.6954638
2025-03-17 07:00:00+00:00,Sound pressure (dB(A)),44.9166666666667
2025-03-17 07:00:00+00:00,Formaldehyde (CH_{2}O) (µg/m^{3}),0.1
2025-03-17 07:00:00+00:00,Carbon dioxide (CO_{2}) (ppm),444.025
2025-03-17 07:00:00+00:00,Relative humidity (R.H.) (%),52.1408333333333
2025-03-17 07:00:00+00:00,Ozone (O_{3}) (µg/m^{3}),0.1
2025-03-17 07:00:00+00:00,Coarse particulate matter (PM_{10}) (µg/m^{3}),2.475
2025-03-17 07:00:00+00:00,Fine particulate matter (PM_{2.5}) (µg/m^{3}),2.475
2025-03-17 07:00:00+00:00,Illuminance (% above/below thresholds),0.1
2025-03-17 07:00:00+00:00,Temperature (°C),18.2862971333333
2025-03-17 08:00:00+00:00,Sound pressure (dB(A)),42.75
2025-03-17 08:00:00+00:00,Formaldehyde (CH_{2}O) (µg/m^{3}),0.1
2025-03-17 08:00:00+00:00,Carbon dioxide (CO_{2}) (ppm),442.175
2025-03-17 08:00:00+00:00,Relative humidity (R.H.) (%),52.4058333333333
2025-03-17 08:00:00+00:00,Ozone (O_{3}) (µg/m^{3}),0.1
2025-03-17 08:00:00+00:00,Coarse particulate matter (PM_{10}) (µg/m^{3}),3.88333333333333
2025-03-17 08:00:00+00:00,Fine particulate matter (PM_{2.5}) (µg/m^{3}),3.88333333333333
2025-03-17 08:00:00+00:00,Illuminance (% above/below thresholds),0.1
2025-03-17 08:00:00+00:00,Temperature (°C),17.9712971333333
2025-03-17 09:00:00+00:00,Sound pressure (dB(A)),45.3333333333333
2025-03-17 09:00:00+00:00,Formaldehyde (CH_{2}O) (µg/m^{3}),0.1
2025-03-17 09:00:00+00:00,Carbon dioxide (CO_{2}) (ppm),434.558333333333
2025-03-17 09:00:00+00:00,Relative humidity (R.H.) (%),52.3116666666666
2025-03-17 09:00:00+00:00,Ozone (O_{3}) (µg/m^{3}),0.1
2025-03-17 09:00:00+00:00,Coarse particulate matter (PM_{10}) (µg/m^{3}),10.85
2025-03-17 09:00:00+00:00,Fine particulate matter (PM_{2.5}) (µg/m^{3}),7.76666666666667
2025-03-17 09:00:00+00:00,Illuminance (% above/below thresholds),0.1
2025-03-17 09:00:00+00:00,Temperature (°C),17.7371304666667
2025-03-17 10:00:00+00:00,Sound pressure (dB(A)),49.1666666666667
2025-03-17 10:00:00+00:00,Formaldehyde (CH_{2}O) (µg/m^{3}),0.1
2025-03-17 10:00:00+00:00,Carbon dioxide (CO_{2}) (ppm),431.258333333333
2025-03-17 10:00:00+00:00,Relative humidity (R.H.) (%),52.4833333333333
2025-03-17 10:00:00+00:00,Ozone (O_{3}) (µg/m^{3}),0.1
2025-03-17 10:00:00+00:00,Coarse particulate matter (PM_{10}) (µg/m^{3}),11.45
2025-03-17 10:00:00+00:00,Fine particulate matter (PM_{2.5}) (µg/m^{3}),9.53333333333333
2025-03-17 10:00:00+00:00,Illuminance (% above/below thresholds),0.1
2025-03-17 10:00:00+00:00,Temperature (°C),17.5596304666667
2025-03-17 11:00:00+00:00,Sound pressure (dB(A)),49.4166666666667
2025-03-17 11:00:00+00:00,Formaldehyde (CH_{2}O) (µg/m^{3}),0.1
2025-03-17 11:00:00+00:00,Carbon dioxide (CO_{2}) (ppm),433.576515151515
2025-03-17 11:00:00+00:00,Relative humidity (R.H.) (%),52.7790909090909
2025-03-17 11:00:00+00:00,Ozone (O_{3}) (µg/m^{3}),0.1
2025-03-17 11:00:00+00:00,Coarse particulate matter (PM_{10}) (µg/m^{3}),13.2166666666667
2025-03-17 11:00:00+00:00,Fine particulate matter (PM_{2.5}) (µg/m^{3}),9.3
2025-03-17 11:00:00+00:00,Illuminance (% above/below thresholds),0.1
2025-03-17 11:00:00+00:00,Temperature (°C),17.4650850121212
2025-03-17 12:00:00+00:00,Sound pressure (dB(A)),46.5
2025-03-17 12:00:00+00:00,Formaldehyde (CH_{2}O) (µg/m^{3}),0.1
2025-03-17 12:00:00+00:00,Carbon dioxide (CO_{2}) (ppm),430.425
2025-03-17 12:00:00+00:00,Relative humidity (R.H.) (%),54.4341666666667
2025-03-17 12:00:00+00:00,Ozone (O_{3}) (µg/m^{3}),0.1
2025-03-17 12:00:00+00:00,Coarse particulate matter (PM_{10}) (µg/m^{3}),9.65
2025-03-17 12:00:00+00:00,Fine particulate matter (PM_{2.5}) (µg/m^{3}),8.48333333333333
2025-03-17 12:00:00+00:00,Illuminance (% above/below thresholds),0.1
2025-03-17 12:00:00+00:00,Temperature (°C),17.3579638
2025-03-17 13:00:00+00:00,Sound pressure (dB(A)),47.4166666666667
2025-03-17 13:00:00+00:00,Formaldehyde (CH_{2}O) (µg/m^{3}),0.1
2025-03-17 13:00:00+00:00,Carbon dioxide (CO_{2}) (ppm),426.558333333333
2025-03-17 13:00:00+00:00,Relative humidity (R.H.) (%),56.0916666666667
2025-03-17 13:00:00+00:00,Ozone (O_{3}) (µg/m^{3}),0.1
2025-03-17 13:00:00+00:00,Coarse particulate matter (PM_{10}) (µg/m^{3}),12.3916666666667
2025-03-17 13:00:00+00:00,Fine particulate matter (PM_{2.5}) (µg/m^{3}),9.225
2025-03-17 13:00:00+00:00,Illuminance (% above/below thresholds),0.1
2025-03-17 13:00:00+00:00,Temperature (°C),17.2612971333333
2025-03-17 14:00:00+00:00,Sound pressure (dB(A)),53
2025-03-17 14:00:00+00:00,Formaldehyde (CH_{2}O) (µg/m^{3}),0.1
2025-03-17 14:00:00+00:00,Carbon dioxide (CO_{2}) (ppm),457.558333333333
2025-03-17 14:00:00+00:00,Relative humidity (R.H.) (%),55.4058333333333
2025-03-17 14:00:00+00:00,Ozone (O_{3}) (µg/m^{3}),0.1
2025-03-17 14:00:00+00:00,Coarse particulate matter (PM_{10}) (µg/m^{3}),57.8333333333333
2025-03-17 14:00:00+00:00,Fine particulate matter (PM_{2.5}) (µg/m^{3}),48.8333333333333
2025-03-17 14:00:00+00:00,Illuminance (% above/below thresholds),0.1
2025-03-17 14:00:00+00:00,Temperature (°C),17.2287971333333
2025-03-17 15:00:00+00:00,Sound pressure (dB(A)),64.3333333333333
2025-03-17 15:00:00+00:00,Formaldehyde (CH_{2}O) (µg/m^{3}),0.1
2025-03-17 15:00:00+00:00,Carbon dioxide (CO_{2}) (ppm),1906.43333333333
2025-03-17 15:00:00+00:00,Relative humidity (R.H.) (%),56.8718181818182
2025-03-17 15:00:00+00:00,Ozone (O_{3}) (µg/m^{3}),0.1
2025-03-17 15:00:00+00:00,Coarse particulate matter (PM_{10}) (µg/m^{3}),62.975
2025-03-17 15:00:00+00:00,Fine particulate matter (PM_{2.5}) (µg/m^{3}),56.1416666666667
2025-03-17 15:00:00+00:00,Illuminance (% above/below thresholds),0.1
2025-03-17 15:00:00+00:00,Temperature (°C),18.4893274363636
2025-03-17 16:00:00+00:00,Sound pressure (dB(A)),50.5
2025-03-17 16:00:00+00:00,Formaldehyde (CH_{2}O) (µg/m^{3}),0.1
2025-03-17 16:00:00+00:00,Carbon dioxide (CO_{2}) (ppm),1689.8093220339
2025-03-17 16:00:00+00:00,Relative humidity (R.H.) (%),55.8831920903955
2025-03-17 16:00:00+00:00,Ozone (O_{3}) (µg/m^{3}),0.1
2025-03-17 16:00:00+00:00,Coarse particulate matter (PM_{10}) (µg/m^{3}),31.9053672316384
2025-03-17 16:00:00+00:00,Fine particulate matter (PM_{2.5}) (µg/m^{3}),29.4887005649718
2025-03-17 16:00:00+00:00,Illuminance (% above/below thresholds),0.1
2025-03-17 16:00:00+00:00,Temperature (°C),18.7218056079096
2025-03-17 17:00:00+00:00,Sound pressure (dB(A)),45.8333333333333
2025-03-17 17:00:00+00:00,Formaldehyde (CH_{2}O) (µg/m^{3}),0.1
2025-03-17 17:00:00+00:00,Carbon dioxide (CO_{2}) (ppm),606.283333333333
2025-03-17 17:00:00+00:00,Relative humidity (R.H.) (%),54.2591666666667
2025-03-17 17:00:00+00:00,Ozone (O_{3}) (µg/m^{3}),0.1
2025-03-17 17:00:00+00:00,Coarse particulate matter (PM_{10}) (µg/m^{3}),11.5916666666667
2025-03-17 17:00:00+00:00,Fine particulate matter (PM_{2.5}) (µg/m^{3}),10.2583333333333
2025-03-17 17:00:00+00:00,Illuminance (% above/below thresholds),0.1
2025-03-17 17:00:00+00:00,Temperature (°C),18.1054638
2025-03-17 18:00:00+00:00,Sound pressure (dB(A)),48.8333333333333
2025-03-17 18:00:00+00:00,Formaldehyde (CH_{2}O) (µg/m^{3}),0.1
2025-03-17 18:00:00+00:00,Carbon dioxide (CO_{2}) (ppm),472.025
2025-03-17 18:00:00+00:00,Relative humidity (R.H.) (%),54.39
2025-03-17 18:00:00+00:00,Ozone (O_{3}) (µg/m^{3}),0.1
2025-03-17 18:00:00+00:00,Coarse particulate matter (PM_{10}) (µg/m^{3}),11.7416666666667
2025-03-17 18:00:00+00:00,Fine particulate matter (PM_{2.5}) (µg/m^{3}),9.24166666666667
2025-03-17 18:00:00+00:00,Illuminance (% above/below thresholds),0.1
2025-03-17 18:00:00+00:00,Temperature (°C),17.7646304666667
2025-03-17 19:00:00+00:00,Sound pressure (dB(A)),55
2025-03-17 19:00:00+00:00,Formaldehyde (CH_{2}O) (µg/m^{3}),0.1
2025-03-17 19:00:00+00:00,Carbon dioxide (CO_{2}) (ppm),447.591666666667
2025-03-17 19:00:00+00:00,Relative humidity (R.H.) (%),54.1466666666667
2025-03-17 19:00:00+00:00,Ozone (O_{3}) (µg/m^{3}),0.1
2025-03-17 19:00:00+00:00,Coarse particulate matter (PM_{10}) (µg/m^{3}),19.7583333333333
2025-03-17 19:00:00+00:00,Fine particulate matter (PM_{2.5}) (µg/m^{3}),16.8333333333333
2025-03-17 19:00:00+00:00,Illuminance (% above/below thresholds),0.1
2025-03-17 19:00:00+00:00,Temperature (°C),17.5829638
2025-03-17 20:00:00+00:00,Sound pressure (dB(A)),60.5
2025-03-17 20:00:00+00:00,Formaldehyde (CH_{2}O) (µg/m^{3}),0.1
2025-03-17 20:00:00+00:00,Carbon dioxide (CO_{2}) (ppm),1472.175
2025-03-17 20:00:00+00:00,Relative humidity (R.H.) (%),58.9366666666667
2025-03-17 20:00:00+00:00,Ozone (O_{3}) (µg/m^{3}),0.1
2025-03-17 20:00:00+00:00,Coarse particulate matter (PM_{10}) (µg/m^{3}),89.7166666666667
2025-03-17 20:00:00+00:00,Fine particulate matter (PM_{2.5}) (µg/m^{3}),67.9333333333333
2025-03-17 20:00:00+00:00,Illuminance (% above/below thresholds),0.1
2025-03-17 20:00:00+00:00,Temperature (°C),18.2929638
2025-03-17 21:00:00+00:00,Sound pressure (dB(A)),60.5454545454546
2025-03-17 21:00:00+00:00,Formaldehyde (CH_{2}O) (µg/m^{3}),5.01523517382413
2025-03-17 21:00:00+00:00,Carbon dioxide (CO_{2}) (ppm),3218.78333333333
2025-03-17 21:00:00+00:00,Relative humidity (R.H.) (%),63.6025
2025-03-17 21:00:00+00:00,Ozone (O_{3}) (µg/m^{3}),0.1
2025-03-17 21:00:00+00:00,Coarse particulate matter (PM_{10}) (µg/m^{3}),209.408333333333
2025-03-17 21:00:00+00:00,Fine particulate matter (PM_{2.5}) (µg/m^{3}),173.741666666667
2025-03-17 21:00:00+00:00,Illuminance (% above/below thresholds),0.1
2025-03-17 21:00:00+00:00,Temperature (°C),19.9446304666667
2025-03-17 22:00:00+00:00,Sound pressure (dB(A)),50.4166666666667
2025-03-17 22:00:00+00:00,Formaldehyde (CH_{2}O) (µg/m^{3}),0.532229038854806
2025-03-17 22:00:00+00:00,Carbon dioxide (CO_{2}) (ppm),3691.51666666667
2025-03-17 22:00:00+00:00,Relative humidity (R.H.) (%),61.9266666666667
2025-03-17 22:00:00+00:00,Ozone (O_{3}) (µg/m^{3}),0.1
2025-03-17 22:00:00+00:00,Coarse particulate matter (PM_{10}) (µg/m^{3}),165.391666666667
2025-03-17 22:00:00+00:00,Fine particulate matter (PM_{2.5}) (µg/m^{3}),147.725
2025-03-17 22:00:00+00:00,Illuminance (% above/below thresholds),0.1
2025-03-17 22:00:00+00:00,Temperature (°C),20.2837971333333
2025-03-17 23:00:00+00:00,Sound pressure (dB(A)),45.5833333333333
2025-03-17 23:00:00+00:00,Formaldehyde (CH_{2}O) (µg/m^{3}),0.1
2025-03-17 23:00:00+00:00,Carbon dioxide (CO_{2}) (ppm),2563.45833333333
2025-03-17 23:00:00+00:00,Relative humidity (R.H.) (%),59.39
2025-03-17 23:00:00+00:00,Ozone (O_{3}) (µg/m^{3}),0.1
2025-03-17 23:00:00+00:00,Coarse particulate matter (PM_{10}) (µg/m^{3}),136.266666666667
2025-03-17 23:00:00+00:00,Fine particulate matter (PM_{2.5}) (µg/m^{3}),121.85
2025-03-17 23:00:00+00:00,Illuminance (% above/below thresholds),0.1
2025-03-17 23:00:00+00:00,Temperature (°C),19.3604638
2025-03-18 00:00:00+00:00,Sound pressure (dB(A)),49.6666666666667
2025-03-18 00:00:00+00:00,Formaldehyde (CH_{2}O) (µg/m^{3}),0.1
2025-03-18 00:00:00+00:00,Carbon dioxide (CO_{2}) (ppm),1951.54166666667
2025-03-18 00:00:00+00:00,Relative humidity (R.H.) (%),58.4058333333334
2025-03-18 00:00:00+00:00,Ozone (O_{3}) (µg/m^{3}),0.1
2025-03-18 00:00:00+00:00,Coarse particulate matter (PM_{10}) (µg/m^{3}),110.8
2025-03-18 00:00:00+00:00,Fine particulate matter (PM_{2.5}) (µg/m^{3}),99.05
2025-03-18 00:00:00+00:00,Illuminance (% above/below thresholds),0.1
2025-03-18 00:00:00+00:00,Temperature (°C),18.8362146
2025-03-18 01:00:00+00:00,Sound pressure (dB(A)),47.6666666666667
2025-03-18 01:00:00+00:00,Formaldehyde (CH_{2}O) (µg/m^{3}),0.1
2025-03-18 01:00:00+00:00,Carbon dioxide (CO_{2}) (ppm),1535.64166666667
2025-03-18 01:00:00+00:00,Relative humidity (R.H.) (%),57.7383333333333
2025-03-18 01:00:00+00:00,Ozone (O_{3}) (µg/m^{3}),0.1
2025-03-18 01:00:00+00:00,Coarse particulate matter (PM_{10}) (µg/m^{3}),84.3833333333333
2025-03-18 01:00:00+00:00,Fine particulate matter (PM_{2.5}) (µg/m^{3}),76.6333333333333
2025-03-18 01:00:00+00:00,Illuminance (% above/below thresholds),0.1
2025-03-18 01:00:00+00:00,Temperature (°C),18.4353812666667
2025-03-18 02:00:00+00:00,Sound pressure (dB(A)),47.4166666666667
2025-03-18 02:00:00+00:00,Formaldehyde (CH_{2}O) (µg/m^{3}),0.1
2025-03-18 02:00:00+00:00,Carbon dioxide (CO_{2}) (ppm),1278.25
2025-03-18 02:00:00+00:00,Relative humidity (R.H.) (%),57.225
2025-03-18 02:00:00+00:00,Ozone (O_{3}) (µg/m^{3}),0.1
2025-03-18 02:00:00+00:00,Coarse particulate matter (PM_{10}) (µg/m^{3}),67.4083333333333
2025-03-18 02:00:00+00:00,Fine particulate matter (PM_{2.5}) (µg/m^{3}),60.575
2025-03-18 02:00:00+00:00,Illuminance (% above/below thresholds),0.1
2025-03-18 02:00:00+00:00,Temperature (°C),18.1870479333333
2025-03-18 03:00:00+00:00,Sound pressure (dB(A)),46.3333333333333
2025-03-18 03:00:00+00:00,Formaldehyde (CH_{2}O) (µg/m^{3}),0.1
2025-03-18 03:00:00+00:00,Carbon dioxide (CO_{2}) (ppm),1109.825
2025-03-18 03:00:00+00:00,Relative humidity (R.H.) (%),57.0225
2025-03-18 03:00:00+00:00,Ozone (O_{3}) (µg/m^{3}),0.1
2025-03-18 03:00:00+00:00,Coarse particulate matter (PM_{10}) (µg/m^{3}),54.475
2025-03-18 03:00:00+00:00,Fine particulate matter (PM_{2.5}) (µg/m^{3}),47.725
2025-03-18 03:00:00+00:00,Illuminance (% above/below thresholds),0.1
2025-03-18 03:00:00+00:00,Temperature (°C),18.0262146
2025-03-18 04:00:00+00:00,Sound pressure (dB(A)),47
2025-03-18 04:00:00+00:00,Formaldehyde (CH_{2}O) (µg/m^{3}),0.1
2025-03-18 04:00:00+00:00,Carbon dioxide (CO_{2}) (ppm),1025.4
2025-03-18 04:00:00+00:00,Relative humidity (R.H.) (%),57.115
2025-03-18 04:00:00+00:00,Ozone (O_{3}) (µg/m^{3}),0.1
2025-03-18 04:00:00+00:00,Coarse particulate matter (PM_{10}) (µg/m^{3}),55.0416666666667
2025-03-18 04:00:00+00:00,Fine particulate matter (PM_{2.5}) (µg/m^{3}),49.375
2025-03-18 04:00:00+00:00,Illuminance (% above/below thresholds),0.1
2025-03-18 04:00:00+00:00,Temperature (°C),17.9095479333333
2025-03-18 05:00:00+00:00,Sound pressure (dB(A)),44.75
2025-03-18 05:00:00+00:00,Formaldehyde (CH_{2}O) (µg/m^{3}),0.450347648261759
2025-03-18 05:00:00+00:00,Carbon dioxide (CO_{2}) (ppm),1679.30833333333
2025-03-18 05:00:00+00:00,Relative humidity (R.H.) (%),60.0175
2025-03-18 05:00:00+00:00,Ozone (O_{3}) (µg/m^{3}),0.1
2025-03-18 05:00:00+00:00,Coarse particulate matter (PM_{10}) (µg/m^{3}),89.05
2025-03-18 05:00:00+00:00,Fine particulate matter (PM_{2.5}) (µg/m^{3}),73.7916666666667
2025-03-18 05:00:00+00:00,Illuminance (% above/below thresholds),0.1
2025-03-18 05:00:00+00:00,Temperature (°C),17.9137146
2025-03-18 06:00:00+00:00,Sound pressure (dB(A)),41.6666666666667
2025-03-18 06:00:00+00:00,Formaldehyde (CH_{2}O) (µg/m^{3}),0.122822085889571
2025-03-18 06:00:00+00:00,Carbon dioxide (CO_{2}) (ppm),1510.5
2025-03-18 06:00:00+00:00,Relative humidity (R.H.) (%),59.9491666666667
2025-03-18 06:00:00+00:00,Ozone (O_{3}) (µg/m^{3}),0.1
2025-03-18 06:00:00+00:00,Coarse particulate matter (PM_{10}) (µg/m^{3}),73.8333333333333
2025-03-18 06:00:00+00:00,Fine particulate matter (PM_{2.5}) (µg/m^{3}),60.8333333333333
2025-03-18 06:00:00+00:00,Illuminance (% above/below thresholds),0.1
2025-03-18 06:00:00+00:00,Temperature (°C),17.7787146
2025-03-18 07:00:00+00:00,Sound pressure (dB(A)),42.25
2025-03-18 07:00:00+00:00,Formaldehyde (CH_{2}O) (µg/m^{3}),0.1
2025-03-18 07:00:00+00:00,Carbon dioxide (CO_{2}) (ppm),1284.02850877193
2025-03-18 07:00:00+00:00,Relative humidity (R.H.) (%),59.294298245614
2025-03-18 07:00:00+00:00,Ozone (O_{3}) (µg/m^{3}),0.1
2025-03-18 07:00:00+00:00,Coarse particulate matter (PM_{10}) (µg/m^{3}),63.3771929824561
2025-03-18 07:00:00+00:00,Fine particulate matter (PM_{2.5}) (µg/m^{3}),49.1271929824561
2025-03-18 07:00:00+00:00,Illuminance (% above/below thresholds),0.1
2025-03-18 07:00:00+00:00,Temperature (°C),17.6616970561404
2025-03-18 08:00:00+00:00,Sound pressure (dB(A)),41.5833333333333
2025-03-18 08:00:00+00:00,Formaldehyde (CH_{2}O) (µg/m^{3}),0.1
2025-03-18 08:00:00+00:00,Carbon dioxide (CO_{2}) (ppm),1149.05
2025-03-18 08:00:00+00:00,Relative humidity (R.H.) (%),59.255
2025-03-18 08:00:00+00:00,Ozone (O_{3}) (µg/m^{3}),0.1
2025-03-18 08:00:00+00:00,Coarse particulate matter (PM_{10}) (µg/m^{3}),41.125
2025-03-18 08:00:00+00:00,Fine particulate matter (PM_{2.5}) (µg/m^{3}),37.2916666666667
2025-03-18 08:00:00+00:00,Illuminance (% above/below thresholds),0.1
2025-03-18 08:00:00+00:00,Temperature (°C),17.5745479333333
2025-03-18 09:00:00+00:00,Sound pressure (dB(A)),43.5
2025-03-18 09:00:00+00:00,Formaldehyde (CH_{2}O) (µg/m^{3}),0.1
2025-03-18 09:00:00+00:00,Carbon dioxide (CO_{2}) (ppm),1054.125
2025-03-18 09:00:00+00:00,Relative humidity (R.H.) (%),59.665
2025-03-18 09:00:00+00:00,Ozone (O_{3}) (µg/m^{3}),0.1
2025-03-18 09:00:00+00:00,Coarse particulate matter (PM_{10}) (µg/m^{3}),37.8666666666667
2025-03-18 09:00:00+00:00,Fine particulate matter (PM_{2.5}) (µg/m^{3}),32.1166666666667
2025-03-18 09:00:00+00:00,Illuminance (% above/below thresholds),0.1
2025-03-18 09:00:00+00:00,Temperature (°C),17.4987146
2025-03-18 10:00:00+00:00,Sound pressure (dB(A)),46.4166666666667
2025-03-18 10:00:00+00:00,Formaldehyde (CH_{2}O) (µg/m^{3}),0.1
2025-03-18 10:00:00+00:00,Carbon dioxide (CO_{2}) (ppm),1905.54166666667
2025-03-18 10:00:00+00:00,Relative humidity (R.H.) (%),63.5525
2025-03-18 10:00:00+00:00,Ozone (O_{3}) (µg/m^{3}),0.1
2025-03-18 10:00:00+00:00,Coarse particulate matter (PM_{10}) (µg/m^{3}),148.758333333333
2025-03-18 10:00:00+00:00,Fine particulate matter (PM_{2.5}) (µg/m^{3}),122.55
2025-03-18 10:00:00+00:00,Illuminance (% above/below thresholds),0.1
2025-03-18 10:00:00+00:00,Temperature (°C),18.1045479333333
2025-03-18 11:00:00+00:00,Sound pressure (dB(A)),45.5833333333333
2025-03-18 11:00:00+00:00,Formaldehyde (CH_{2}O) (µg/m^{3}),0.1
2025-03-18 11:00:00+00:00,Carbon dioxide (CO_{2}) (ppm),1573.69166666667
2025-03-18 11:00:00+00:00,Relative humidity (R.H.) (%),64.0808333333334
2025-03-18 11:00:00+00:00,Ozone (O_{3}) (µg/m^{3}),0.1
2025-03-18 11:00:00+00:00,Coarse particulate matter (PM_{10}) (µg/m^{3}),157.408333333333
2025-03-18 11:00:00+00:00,Fine particulate matter (PM_{2.5}) (µg/m^{3}),118.15
2025-03-18 11:00:00+00:00,Illuminance (% above/below thresholds),0.1
2025-03-18 11:00:00+00:00,Temperature (°C),18.0287146
2025-03-18 12:00:00+00:00,Sound pressure (dB(A)),59.5
2025-03-18 12:00:00+00:00,Formaldehyde (CH_{2}O) (µg/m^{3}),0.1
2025-03-18 12:00:00+00:00,Carbon dioxide (CO_{2}) (ppm),1069.65833333333
2025-03-18 12:00:00+00:00,Relative humidity (R.H.) (%),62.9058333333333
2025-03-18 12:00:00+00:00,Ozone (O_{3}) (µg/m^{3}),0.1
2025-03-18 12:00:00+00:00,Coarse particulate matter (PM_{10}) (µg/m^{3}),94.5083333333333
2025-03-18 12:00:00+00:00,Fine particulate matter (PM_{2.5}) (µg/m^{3}),77.4083333333333
2025-03-18 12:00:00+00:00,Illuminance (% above/below thresholds),0.1
2025-03-18 12:00:00+00:00,Temperature (°C),17.8712146
2025-03-18 13:00:00+00:00,Sound pressure (dB(A)),79.75
2025-03-18 13:00:00+00:00,Formaldehyde (CH_{2}O) (µg/m^{3}),0.1
2025-03-18 13:00:00+00:00,Carbon dioxide (CO_{2}) (ppm),465.25
2025-03-18 13:00:00+00:00,Relative humidity (R.H.) (%),59.3608333333333
2025-03-18 13:00:00+00:00,Ozone (O_{3}) (µg/m^{3}),0.1
2025-03-18 13:00:00+00:00,Coarse particulate matter (PM_{10}) (µg/m^{3}),15.4416666666667
2025-03-18 13:00:00+00:00,Fine particulate matter (PM_{2.5}) (µg/m^{3}),15.025
2025-03-18 13:00:00+00:00,Illuminance (% above/below thresholds),0.1
2025-03-18 13:00:00+00:00,Temperature (°C),17.2295479333333
2025-03-18 14:00:00+00:00,Sound pressure (dB(A)),81.8333333333333
2025-03-18 14:00:00+00:00,Formaldehyde (CH_{2}O) (µg/m^{3}),0.1
2025-03-18 14:00:00+00:00,Carbon dioxide (CO_{2}) (ppm),485.041666666667
2025-03-18 14:00:00+00:00,Relative humidity (R.H.) (%),61.4475
2025-03-18 14:00:00+00:00,Ozone (O_{3}) (µg/m^{3}),0.1
2025-03-18 14:00:00+00:00,Coarse particulate matter (PM_{10}) (µg/m^{3}),64.875
2025-03-18 14:00:00+00:00,Fine particulate matter (PM_{2.5}) (µg/m^{3}),53.2583333333333
2025-03-18 14:00:00+00:00,Illuminance (% above/below thresholds),0.1
2025-03-18 14:00:00+00:00,Temperature (°C),17.0312146
2025-03-18 15:00:00+00:00,Sound pressure (dB(A)),66.75
2025-03-18 15:00:00+00:00,Formaldehyde (CH_{2}O) (µg/m^{3}),0.1
2025-03-18 15:00:00+00:00,Carbon dioxide (CO_{2}) (ppm),1601.83333333333
2025-03-18 15:00:00+00:00,Relative humidity (R.H.) (%),65.3625
2025-03-18 15:00:00+00:00,Ozone (O_{3}) (µg/m^{3}),0.1
2025-03-18 15:00:00+00:00,Coarse particulate matter (PM_{10}) (µg/m^{3}),224.108333333333
2025-03-18 15:00:00+00:00,Fine particulate matter (PM_{2.5}) (µg/m^{3}),163.608333333333
2025-03-18 15:00:00+00:00,Illuminance (% above/below thresholds),0.1
2025-03-18 15:00:00+00:00,Temperature (°C),18.1953812666667
2025-03-18 16:00:00+00:00,Sound pressure (dB(A)),55.0833333333333
2025-03-18 16:00:00+00:00,Formaldehyde (CH_{2}O) (µg/m^{3}),0.1
2025-03-18 16:00:00+00:00,Carbon dioxide (CO_{2}) (ppm),3179.925
2025-03-18 16:00:00+00:00,Relative humidity (R.H.) (%),65.2608333333333
2025-03-18 16:00:00+00:00,Ozone (O_{3}) (µg/m^{3}),0.1
2025-03-18 16:00:00+00:00,Coarse particulate matter (PM_{10}) (µg/m^{3}),161.425
2025-03-18 16:00:00+00:00,Fine particulate matter (PM_{2.5}) (µg/m^{3}),134.85
2025-03-18 16:00:00+00:00,Illuminance (% above/below thresholds),0.1
2025-03-18 16:00:00+00:00,Temperature (°C),19.6903812666667
2025-03-18 17:00:00+00:00,Sound pressure (dB(A)),55.75
2025-03-18 17:00:00+00:00,Formaldehyde (CH_{2}O) (µg/m^{3}),0.1
2025-03-18 17:00:00+00:00,Carbon dioxide (CO_{2}) (ppm),4310.70833333333
2025-03-18 17:00:00+00:00,Relative humidity (R.H.) (%),65.0725
2025-03-18 17:00:00+00:00,Ozone (O_{3}) (µg/m^{3}),0.1
2025-03-18 17:00:00+00:00,Coarse particulate matter (PM_{10}) (µg/m^{3}),131.941666666667
2025-03-18 17:00:00+00:00,Fine particulate matter (PM_{2.5}) (µg/m^{3}),115.416666666667
2025-03-18 17:00:00+00:00,Illuminance (% above/below thresholds),0.1
2025-03-18 17:00:00+00:00,Temperature (°C),20.4162146
2025-03-18 18:00:00+00:00,Sound pressure (dB(A)),62.75
2025-03-18 18:00:00+00:00,Formaldehyde (CH_{2}O) (µg/m^{3}),0.1
2025-03-18 18:00:00+00:00,Carbon dioxide (CO_{2}) (ppm),4798.99166666667
2025-03-18 18:00:00+00:00,Relative humidity (R.H.) (%),64.8866666666667
2025-03-18 18:00:00+00:00,Ozone (O_{3}) (µg/m^{3}),0.1
2025-03-18 18:00:00+00:00,Coarse particulate matter (PM_{10}) (µg/m^{3}),125.25
2025-03-18 18:00:00+00:00,Fine particulate matter (PM_{2.5}) (µg/m^{3}),110.916666666667
2025-03-18 18:00:00+00:00,Illuminance (% above/below thresholds),0.1
2025-03-18 18:00:00+00:00,Temperature (°C),20.9512146
2025-03-18 19:00:00+00:00,Sound pressure (dB(A)),47.5
2025-03-18 19:00:00+00:00,Formaldehyde (CH_{2}O) (µg/m^{3}),0.1
2025-03-18 19:00:00+00:00,Carbon dioxide (CO_{2}) (ppm),1364.7
2025-03-18 19:00:00+00:00,Relative humidity (R.H.) (%),61.1516666666667
2025-03-18 19:00:00+00:00,Ozone (O_{3}) (µg/m^{3}),0.1
2025-03-18 19:00:00+00:00,Coarse particulate matter (PM_{10}) (µg/m^{3}),42.0833333333333
2025-03-18 19:00:00+00:00,Fine particulate matter (PM_{2.5}) (µg/m^{3}),35.325
2025-03-18 19:00:00+00:00,Illuminance (% above/below thresholds),0.1
2025-03-18 19:00:00+00:00,Temperature (°C),19.9470479333333
2025-03-18 20:00:00+00:00,Sound pressure (dB(A)),61.3333333333333
2025-03-18 20:00:00+00:00,Formaldehyde (CH_{2}O) (µg/m^{3}),0.1
2025-03-18 20:00:00+00:00,Carbon dioxide (CO_{2}) (ppm),840.25
2025-03-18 20:00:00+00:00,Relative humidity (R.H.) (%),63.3291666666667
2025-03-18 20:00:00+00:00,Ozone (O_{3}) (µg/m^{3}),0.1
2025-03-18 20:00:00+00:00,Coarse particulate matter (PM_{10}) (µg/m^{3}),25.1083333333333
2025-03-18 20:00:00+00:00,Fine particulate matter (PM_{2.5}) (µg/m^{3}),19.6083333333333
2025-03-18 20:00:00+00:00,Illuminance (% above/below thresholds),0.1
2025-03-18 20:00:00+00:00,Temperature (°C),19.1528812666667
2025-03-18 21:00:00+00:00,Sound pressure (dB(A)),62.75
2025-03-18 21:00:00+00:00,Formaldehyde (CH_{2}O) (µg/m^{3}),3.76654396728017
2025-03-18 21:00:00+00:00,Carbon dioxide (CO_{2}) (ppm),3033.45833333333
2025-03-18 21:00:00+00:00,Relative humidity (R.H.) (%),68.2458333333333
2025-03-18 21:00:00+00:00,Ozone (O_{3}) (µg/m^{3}),0.1
2025-03-18 21:00:00+00:00,Coarse particulate matter (PM_{10}) (µg/m^{3}),66.2916666666667
2025-03-18 21:00:00+00:00,Fine particulate matter (PM_{2.5}) (µg/m^{3}),52.625
2025-03-18 21:00:00+00:00,Illuminance (% above/below thresholds),0.1
2025-03-18 21:00:00+00:00,Temperature (°C),20.2987146
2025-03-18 22:00:00+00:00,Sound pressure (dB(A)),65.3333333333333
2025-03-18 22:00:00+00:00,Formaldehyde (CH_{2}O) (µg/m^{3}),8.59754601226994
2025-03-18 22:00:00+00:00,Carbon dioxide (CO_{2}) (ppm),4597.48333333333
2025-03-18 22:00:00+00:00,Relative humidity (R.H.) (%),70.405
2025-03-18 22:00:00+00:00,Ozone (O_{3}) (µg/m^{3}),0.1
2025-03-18 22:00:00+00:00,Coarse particulate matter (PM_{10}) (µg/m^{3}),71.6833333333333
2025-03-18 22:00:00+00:00,Fine particulate matter (PM_{2.5}) (µg/m^{3}),63.85
2025-03-18 22:00:00+00:00,Illuminance (% above/below thresholds),0.1
2025-03-18 22:00:00+00:00,Temperature (°C),21.3195479333333
2025-03-18 23:00:00+00:00,Sound pressure (dB(A)),62.4166666666667
2025-03-18 23:00:00+00:00,Formaldehyde (CH_{2}O) (µg/m^{3}),9.62106339468303
2025-03-18 23:00:00+00:00,Carbon dioxide (CO_{2}) (ppm),5005.03333333333
2025-03-18 23:00:00+00:00,Relative humidity (R.H.) (%),69.4908333333333
2025-03-18 23:00:00+00:00,Ozone (O_{3}) (µg/m^{3}),0.1
2025-03-18 23:00:00+00:00,Coarse particulate matter (PM_{10}) (µg/m^{3}),70.75
2025-03-18 23:00:00+00:00,Fine particulate matter (PM_{2.5}) (µg/m^{3}),67.6666666666667
2025-03-18 23:00:00+00:00,Illuminance (% above/below thresholds),0.1
2025-03-18 23:00:00+00:00,Temperature (°C),21.7920479333333
2025-03-19 00:00:00+00:00,Sound pressure (dB(A)),51.9166666666667
2025-03-19 00:00:00+00:00,Formaldehyde (CH_{2}O) (µg/m^{3}),9.00695296523517
2025-03-19 00:00:00+00:00,Carbon dioxide (CO_{2}) (ppm),4411.13333333333
2025-03-19 00:00:00+00:00,Relative humidity (R.H.) (%),67.47
2025-03-19 00:00:00+00:00,Ozone (O_{3}) (µg/m^{3}),0.1
2025-03-19 00:00:00+00:00,Coarse particulate matter (PM_{10}) (µg/m^{3}),138.175
2025-03-19 00:00:00+00:00,Fine particulate matter (PM_{2.5}) (µg/m^{3}),121.5
2025-03-19 00:00:00+00:00,Illuminance (% above/below thresholds),0.1
2025-03-19 00:00:00+00:00,Temperature (°C),21.2926144333333
2025-03-19 01:00:00+00:00,Sound pressure (dB(A)),45
2025-03-19 01:00:00+00:00,Formaldehyde (CH_{2}O) (µg/m^{3}),6.30486707566462
2025-03-19 01:00:00+00:00,Carbon dioxide (CO_{2}) (ppm),3063.79166666667
2025-03-19 01:00:00+00:00,Relative humidity (R.H.) (%),66.4316666666667
2025-03-19 01:00:00+00:00,Ozone (O_{3}) (µg/m^{3}),0.1
2025-03-19 01:00:00+00:00,Coarse particulate matter (PM_{10}) (µg/m^{3}),154.6
2025-03-19 01:00:00+00:00,Fine particulate matter (PM_{2.5}) (µg/m^{3}),137.966666666667
2025-03-19 01:00:00+00:00,Illuminance (% above/below thresholds),0.1
2025-03-19 01:00:00+00:00,Temperature (°C),20.1942811
2025-03-19 02:00:00+00:00,Sound pressure (dB(A)),44.1666666666667
2025-03-19 02:00:00+00:00,Formaldehyde (CH_{2}O) (µg/m^{3}),5.1380572597137
2025-03-19 02:00:00+00:00,Carbon dioxide (CO_{2}) (ppm),2322.825
2025-03-19 02:00:00+00:00,Relative humidity (R.H.) (%),66.0766666666667
2025-03-19 02:00:00+00:00,Ozone (O_{3}) (µg/m^{3}),0.1
2025-03-19 02:00:00+00:00,Coarse particulate matter (PM_{10}) (µg/m^{3}),121.416666666667
2025-03-19 02:00:00+00:00,Fine particulate matter (PM_{2.5}) (µg/m^{3}),109.841666666667
2025-03-19 02:00:00+00:00,Illuminance (% above/below thresholds),0.1
2025-03-19 02:00:00+00:00,Temperature (°C),19.5167811
2025-03-19 03:00:00+00:00,Sound pressure (dB(A)),43.1818181818182
2025-03-19 03:00:00+00:00,Formaldehyde (CH_{2}O) (µg/m^{3}),3.58231083844581
2025-03-19 03:00:00+00:00,Carbon dioxide (CO_{2}) (ppm),1870.45
2025-03-19 03:00:00+00:00,Relative humidity (R.H.) (%),65.8791666666667
2025-03-19 03:00:00+00:00,Ozone (O_{3}) (µg/m^{3}),0.1
2025-03-19 03:00:00+00:00,Coarse particulate matter (PM_{10}) (µg/m^{3}),99.325
2025-03-19 03:00:00+00:00,Fine particulate matter (PM_{2.5}) (µg/m^{3}),86.8166666666667
2025-03-19 03:00:00+00:00,Illuminance (% above/below thresholds),0.1
2025-03-19 03:00:00+00:00,Temperature (°C),19.0901144333333
2025-03-19 04:00:00+00:00,Sound pressure (dB(A)),45.3333333333333
2025-03-19 04:00:00+00:00,Formaldehyde (CH_{2}O) (µg/m^{3}),2.45644171779141
2025-03-19 04:00:00+00:00,Carbon dioxide (CO_{2}) (ppm),1628.58333333333
2025-03-19 04:00:00+00:00,Relative humidity (R.H.) (%),65.7708333333333
2025-03-19 04:00:00+00:00,Ozone (O_{3}) (µg/m^{3}),0.1
2025-03-19 04:00:00+00:00,Coarse particulate matter (PM_{10}) (µg/m^{3}),172.258333333333
2025-03-19 04:00:00+00:00,Fine particulate matter (PM_{2.5}) (µg/m^{3}),135.541666666667
2025-03-19 04:00:00+00:00,Illuminance (% above/below thresholds),0.1
2025-03-19 04:00:00+00:00,Temperature (°C),18.7967811
2025-03-19 05:00:00+00:00,Sound pressure (dB(A)),40.3
2025-03-19 05:00:00+00:00,Formaldehyde (CH_{2}O) (µg/m^{3}),1.73997955010225
2025-03-19 05:00:00+00:00,Carbon dioxide (CO_{2}) (ppm),1447.325
2025-03-19 05:00:00+00:00,Relative humidity (R.H.) (%),65.675
2025-03-19 05:00:00+00:00,Ozone (O_{3}) (µg/m^{3}),0.1
2025-03-19 05:00:00+00:00,Coarse particulate matter (PM_{10}) (µg/m^{3}),137.025
2025-03-19 05:00:00+00:00,Fine particulate matter (PM_{2.5}) (µg/m^{3}),115.091666666667
2025-03-19 05:00:00+00:00,Illuminance (% above/below thresholds),0.1
2025-03-19 05:00:00+00:00,Temperature (°C),18.6042811
2025-03-19 06:00:00+00:00,Sound pressure (dB(A)),41.25
2025-03-19 06:00:00+00:00,Formaldehyde (CH_{2}O) (µg/m^{3}),0.614110429447853
2025-03-19 06:00:00+00:00,Carbon dioxide (CO_{2}) (ppm),1310.85833333333
2025-03-19 06:00:00+00:00,Relative humidity (R.H.) (%),65.6025
2025-03-19 06:00:00+00:00,Ozone (O_{3}) (µg/m^{3}),0.1
2025-03-19 06:00:00+00:00,Coarse particulate matter (PM_{10}) (µg/m^{3}),176.316666666667
2025-03-19 06:00:00+00:00,Fine particulate matter (PM_{2.5}) (µg/m^{3}),150.8
2025-03-19 06:00:00+00:00,Illuminance (% above/below thresholds),0.1
2025-03-19 06:00:00+00:00,Temperature (°C),18.4476144333333
2025-03-19 07:00:00+00:00,Sound pressure (dB(A)),41.5
2025-03-19 07:00:00+00:00,Formaldehyde (CH_{2}O) (µg/m^{3}),1.16576895081626
2025-03-19 07:00:00+00:00,Carbon dioxide (CO_{2}) (ppm),1500.43785310734
2025-03-19 07:00:00+00:00,Relative humidity (R.H.) (%),66.2372881355932
2025-03-19 07:00:00+00:00,Ozone (O_{3}) (µg/m^{3}),0.1
2025-03-19 07:00:00+00:00,Coarse particulate matter (PM_{10}) (µg/m^{3}),141.235875706215
2025-03-19 07:00:00+00:00,Fine particulate matter (PM_{2.5}) (µg/m^{3}),120.710451977401
2025-03-19 07:00:00+00:00,Illuminance (% above/below thresholds),0.1
2025-03-19 07:00:00+00:00,Temperature (°C),18.3425861847458
2025-03-19 08:00:00+00:00,Sound pressure (dB(A)),47.8333333333333
2025-03-19 08:00:00+00:00,Formaldehyde (CH_{2}O) (µg/m^{3}),2.02656441717791
2025-03-19 08:00:00+00:00,Carbon dioxide (CO_{2}) (ppm),1975.45833333333
2025-03-19 08:00:00+00:00,Relative humidity (R.H.) (%),68.7008333333333
2025-03-19 08:00:00+00:00,Ozone (O_{3}) (µg/m^{3}),0.1
2025-03-19 08:00:00+00:00,Coarse particulate matter (PM_{10}) (µg/m^{3}),136.808333333333
2025-03-19 08:00:00+00:00,Fine particulate matter (PM_{2.5}) (µg/m^{3}),108.366666666667
2025-03-19 08:00:00+00:00,Illuminance (% above/below thresholds),0.1
2025-03-19 08:00:00+00:00,Temperature (°C),18.4209477666667
2025-03-19 09:00:00+00:00,Sound pressure (dB(A)),57.5833333333333
2025-03-19 09:00:00+00:00,Formaldehyde (CH_{2}O) (µg/m^{3}),18.689427402863
2025-03-19 09:00:00+00:00,Carbon dioxide (CO_{2}) (ppm),2273.51666666667
2025-03-19 09:00:00+00:00,Relative humidity (R.H.) (%),70.6891666666666
2025-03-19 09:00:00+00:00,Ozone (O_{3}) (µg/m^{3}),0.1
2025-03-19 09:00:00+00:00,Coarse particulate matter (PM_{10}) (µg/m^{3}),130.358333333333
2025-03-19 09:00:00+00:00,Fine particulate matter (PM_{2.5}) (µg/m^{3}),93.4916666666667
2025-03-19 09:00:00+00:00,Illuminance (% above/below thresholds),0.1
2025-03-19 09:00:00+00:00,Temperature (°C),18.6817811
2025-03-19 10:00:00+00:00,Sound pressure (dB(A)),54.3333333333333
2025-03-19 10:00:00+00:00,Formaldehyde (CH_{2}O) (µg/m^{3}),23.9912474437628
2025-03-19 10:00:00+00:00,Carbon dioxide (CO_{2}) (ppm),1845.23333333333
2025-03-19 10:00:00+00:00,Relative humidity (R.H.) (%),70.3258333333333
2025-03-19 10:00:00+00:00,Ozone (O_{3}) (µg/m^{3}),0.1
2025-03-19 10:00:00+00:00,Coarse particulate matter (PM_{10}) (µg/m^{3}),114.475
2025-03-19 10:00:00+00:00,Fine particulate matter (PM_{2.5}) (µg/m^{3}),84.3083333333333
2025-03-19 10:00:00+00:00,Illuminance (% above/below thresholds),0.1
2025-03-19 10:00:00+00:00,Temperature (°C),18.7201144333333
2025-03-19 11:00:00+00:00,Sound pressure (dB(A)),67.25
2025-03-19 11:00:00+00:00,Formaldehyde (CH_{2}O) (µg/m^{3}),3.45948875255624
2025-03-19 11:00:00+00:00,Carbon dioxide (CO_{2}) (ppm),1343.82803030303
2025-03-19 11:00:00+00:00,Relative humidity (R.H.) (%),69.289696969697
2025-03-19 11:00:00+00:00,Ozone (O_{3}) (µg/m^{3}),0.1
2025-03-19 11:00:00+00:00,Coarse particulate matter (PM_{10}) (µg/m^{3}),170.933333333333
2025-03-19 11:00:00+00:00,Fine particulate matter (PM_{2.5}) (µg/m^{3}),136.258333333333
2025-03-19 11:00:00+00:00,Illuminance (% above/below thresholds),8.33333333333333
2025-03-19 11:00:00+00:00,Temperature (°C),18.977084130303
2025-03-19 12:00:00+00:00,Sound pressure (dB(A)),75
2025-03-19 12:00:00+00:00,Formaldehyde (CH_{2}O) (µg/m^{3}),73.6727811860941
2025-03-19 12:00:00+00:00,Carbon dioxide (CO_{2}) (ppm),1944.85833333333
2025-03-19 12:00:00+00:00,Relative humidity (R.H.) (%),68.5225
2025-03-19 12:00:00+00:00,Ozone (O_{3}) (µg/m^{3}),0.1
2025-03-19 12:00:00+00:00,Coarse particulate matter (PM_{10}) (µg/m^{3}),129.625
2025-03-19 12:00:00+00:00,Fine particulate matter (PM_{2.5}) (µg/m^{3}),118.608333333333
2025-03-19 12:00:00+00:00,Illuminance (% above/below thresholds),0.1
2025-03-19 12:00:00+00:00,Temperature (°C),19.9451144333333
2025-03-19 13:00:00+00:00,Sound pressure (dB(A)),76.0833333333333
2025-03-19 13:00:00+00:00,Formaldehyde (CH_{2}O) (µg/m^{3}),35.3113496932515
2025-03-19 13:00:00+00:00,Carbon dioxide (CO_{2}) (ppm),554.075
2025-03-19 13:00:00+00:00,Relative humidity (R.H.) (%),66.4658333333333
2025-03-19 13:00:00+00:00,Ozone (O_{3}) (µg/m^{3}),0.1
2025-03-19 13:00:00+00:00,Coarse particulate matter (PM_{10}) (µg/m^{3}),26.0666666666667
2025-03-19 13:00:00+00:00,Fine particulate matter (PM_{2.5}) (µg/m^{3}),23.6166666666667
2025-03-19 13:00:00+00:00,Illuminance (% above/below thresholds),0.1
2025-03-19 13:00:00+00:00,Temperature (°C),19.3176144333333
2025-03-19 14:00:00+00:00,Sound pressure (dB(A)),74.6666666666667
2025-03-19 14:00:00+00:00,Formaldehyde (CH_{2}O) (µg/m^{3}),30.1528220858896
2025-03-19 14:00:00+00:00,Carbon dioxide (CO_{2}) (ppm),625.658333333333
2025-03-19 14:00:00+00:00,Relative humidity (R.H.) (%),67.3166666666667
2025-03-19 14:00:00+00:00,Ozone (O_{3}) (µg/m^{3}),0.1
2025-03-19 14:00:00+00:00,Coarse particulate matter (PM_{10}) (µg/m^{3}),43.6
2025-03-19 14:00:00+00:00,Fine particulate matter (PM_{2.5}) (µg/m^{3}),36.0166666666667
2025-03-19 14:00:00+00:00,Illuminance (% above/below thresholds),0.1
2025-03-19 14:00:00+00:00,Temperature (°C),19.3026144333333
2025-03-19 15:00:00+00:00,Sound pressure (dB(A)),61.1
2025-03-19 15:00:00+00:00,Formaldehyde (CH_{2}O) (µg/m^{3}),19.4673006134969
2025-03-19 15:00:00+00:00,Carbon dioxide (CO_{2}) (ppm),2116.20833333333
2025-03-19 15:00:00+00:00,Relative humidity (R.H.) (%),68.8308333333334
2025-03-19 15:00:00+00:00,Ozone (O_{3}) (µg/m^{3}),0.1
2025-03-19 15:00:00+00:00,Coarse particulate matter (PM_{10}) (µg/m^{3}),47.075
2025-03-19 15:00:00+00:00,Fine particulate matter (PM_{2.5}) (µg/m^{3}),39.875
2025-03-19 15:00:00+00:00,Illuminance (% above/below thresholds),0.1
2025-03-19 15:00:00+00:00,Temperature (°C),20.6009477666667
2025-03-19 16:00:00+00:00,Sound pressure (dB(A)),54.2727272727273
2025-03-19 16:00:00+00:00,Formaldehyde (CH_{2}O) (µg/m^{3}),14.001717791411
2025-03-19 16:00:00+00:00,Carbon dioxide (CO_{2}) (ppm),3782.56590909091
2025-03-19 16:00:00+00:00,Relative humidity (R.H.) (%),68.5964393939394
2025-03-19 16:00:00+00:00,Ozone (O_{3}) (µg/m^{3}),0.1
2025-03-19 16:00:00+00:00,Coarse particulate matter (PM_{10}) (µg/m^{3}),47.85
2025-03-19 16:00:00+00:00,Fine particulate matter (PM_{2.5}) (µg/m^{3}),46.2666666666667
2025-03-19 16:00:00+00:00,Illuminance (% above/below thresholds),0.1
2025-03-19 16:00:00+00:00,Temperature (°C),21.6740538272727
2025-03-19 17:00:00+00:00,Sound pressure (dB(A)),53.6666666666667
2025-03-19 17:00:00+00:00,Formaldehyde (CH_{2}O) (µg/m^{3}),12.4050306748466
2025-03-19 17:00:00+00:00,Carbon dioxide (CO_{2}) (ppm),4667.40303030303
2025-03-19 17:00:00+00:00,Relative humidity (R.H.) (%),68.5117424242424
2025-03-19 17:00:00+00:00,Ozone (O_{3}) (µg/m^{3}),0.1
2025-03-19 17:00:00+00:00,Coarse particulate matter (PM_{10}) (µg/m^{3}),111.883333333333
2025-03-19 17:00:00+00:00,Fine particulate matter (PM_{2.5}) (µg/m^{3}),86.05
2025-03-19 17:00:00+00:00,Illuminance (% above/below thresholds),0.1
2025-03-19 17:00:00+00:00,Temperature (°C),22.1259477666667
2025-03-19 18:00:00+00:00,Sound pressure (dB(A)),59.8333333333333
2025-03-19 18:00:00+00:00,Formaldehyde (CH_{2}O) (µg/m^{3}),8.06531697341513
2025-03-19 18:00:00+00:00,Carbon dioxide (CO_{2}) (ppm),2742.23333333333
2025-03-19 18:00:00+00:00,Relative humidity (R.H.) (%),67.3133333333333
2025-03-19 18:00:00+00:00,Ozone (O_{3}) (µg/m^{3}),0.1
2025-03-19 18:00:00+00:00,Coarse particulate matter (PM_{10}) (µg/m^{3}),53.0166666666667
2025-03-19 18:00:00+00:00,Fine particulate matter (PM_{2.5}) (µg/m^{3}),46.0166666666667
2025-03-19 18:00:00+00:00,Illuminance (% above/below thresholds),0.1
2025-03-19 18:00:00+00:00,Temperature (°C),21.2084477666667
2025-03-19 19:00:00+00:00,Sound pressure (dB(A)),51.4166666666667
2025-03-19 19:00:00+00:00,Formaldehyde (CH_{2}O) (µg/m^{3}),1.02351738241309
2025-03-19 19:00:00+00:00,Carbon dioxide (CO_{2}) (ppm),516.541666666667
2025-03-19 19:00:00+00:00,Relative humidity (R.H.) (%),65.6558333333333
2025-03-19 19:00:00+00:00,Ozone (O_{3}) (µg/m^{3}),0.1
2025-03-19 19:00:00+00:00,Coarse particulate matter (PM_{10}) (µg/m^{3}),65.2916666666667
2025-03-19 19:00:00+00:00,Fine particulate matter (PM_{2.5}) (µg/m^{3}),49.4916666666667
2025-03-19 19:00:00+00:00,Illuminance (% above/below thresholds),0.1
2025-03-19 19:00:00+00:00,Temperature (°C),20.2417811
2025-03-19 20:00:00+00:00,Sound pressure (dB(A)),64.5833333333333
2025-03-19 20:00:00+00:00,Formaldehyde (CH_{2}O) (µg/m^{3}),0.941635991820041
2025-03-19 20:00:00+00:00,Carbon dioxide (CO_{2}) (ppm),582.316666666667
2025-03-19 20:00:00+00:00,Relative humidity (R.H.) (%),66.8816666666667
2025-03-19 20:00:00+00:00,Ozone (O_{3}) (µg/m^{3}),0.1
2025-03-19 20:00:00+00:00,Coarse particulate matter (PM_{10}) (µg/m^{3}),64.25
2025-03-19 20:00:00+00:00,Fine particulate matter (PM_{2.5}) (µg/m^{3}),53.6666666666667
2025-03-19 20:00:00+00:00,Illuminance (% above/below thresholds),0.1
2025-03-19 20:00:00+00:00,Temperature (°C),19.5901144333333
2025-03-19 21:00:00+00:00,Sound pressure (dB(A)),63.5
2025-03-19 21:00:00+00:00,Formaldehyde (CH_{2}O) (µg/m^{3}),15.7621676891616
2025-03-19 21:00:00+00:00,Carbon dioxide (CO_{2}) (ppm),2040.45
2025-03-19 21:00:00+00:00,Relative humidity (R.H.) (%),71.4616666666666
2025-03-19 21:00:00+00:00,Ozone (O_{3}) (µg/m^{3}),0.1
2025-03-19 21:00:00+00:00,Coarse particulate matter (PM_{10}) (µg/m^{3}),191.833333333333
2025-03-19 21:00:00+00:00,Fine particulate matter (PM_{2.5}) (µg/m^{3}),167.583333333333
2025-03-19 21:00:00+00:00,Illuminance (% above/below thresholds),0.1
2025-03-19 21:00:00+00:00,Temperature (°C),20.5767811
2025-03-19 22:00:00+00:00,Sound pressure (dB(A)),69.9166666666667
2025-03-19 22:00:00+00:00,Formaldehyde (CH_{2}O) (µg/m^{3}),23.3125766871166
2025-03-19 22:00:00+00:00,Carbon dioxide (CO_{2}) (ppm),3277.79166666667
2025-03-19 22:00:00+00:00,Relative humidity (R.H.) (%),71.4371794871795
2025-03-19 22:00:00+00:00,Ozone (O_{3}) (µg/m^{3}),0.1
2025-03-19 22:00:00+00:00,Coarse particulate matter (PM_{10}) (µg/m^{3}),230.891025641026
2025-03-19 22:00:00+00:00,Fine particulate matter (PM_{2.5}) (µg/m^{3}),202.641025641026
2025-03-19 22:00:00+00:00,Illuminance (% above/below thresholds),0.1
2025-03-19 22:00:00+00:00,Temperature (°C),21.6554990487179
2025-03-19 23:00:00+00:00,Sound pressure (dB(A)),56.5833333333333
2025-03-19 23:00:00+00:00,Formaldehyde (CH_{2}O) (µg/m^{3}),17.7682617586912
2025-03-19 23:00:00+00:00,Carbon dioxide (CO_{2}) (ppm),3569.15
2025-03-19 23:00:00+00:00,Relative humidity (R.H.) (%),70.5916666666667
2025-03-19 23:00:00+00:00,Ozone (O_{3}) (µg/m^{3}),0.1
2025-03-19 23:00:00+00:00,Coarse particulate matter (PM_{10}) (µg/m^{3}),228.9
2025-03-19 23:00:00+00:00,Fine particulate matter (PM_{2.5}) (µg/m^{3}),206.316666666667
2025-03-19 23:00:00+00:00,Illuminance (% above/below thresholds),0.1
2025-03-19 23:00:00+00:00,Temperature (°C),21.5759477666667
2025-03-20 00:00:00+00:00,Sound pressure (dB(A)),47.5
2025-03-20 00:00:00+00:00,Formaldehyde (CH_{2}O) (µg/m^{3}),15.9668711656442
2025-03-20 00:00:00+00:00,Carbon dioxide (CO_{2}) (ppm),2838.425
2025-03-20 00:00:00+00:00,Relative humidity (R.H.) (%),69.5808333333334
2025-03-20 00:00:00+00:00,Ozone (O_{3}) (µg/m^{3}),0.1
2025-03-20 00:00:00+00:00,Coarse particulate matter (PM_{10}) (µg/m^{3}),201.1
2025-03-20 00:00:00+00:00,Fine particulate matter (PM_{2.5}) (µg/m^{3}),182.1
2025-03-20 00:00:00+00:00,Illuminance (% above/below thresholds),0.1
2025-03-20 00:00:00+00:00,Temperature (°C),20.5566255
2025-03-20 01:00:00+00:00,Sound pressure (dB(A)),45
2025-03-20 01:00:00+00:00,Formaldehyde (CH_{2}O) (µg/m^{3}),14.308773006135
2025-03-20 01:00:00+00:00,Carbon dioxide (CO_{2}) (ppm),2472
2025-03-20 01:00:00+00:00,Relative humidity (R.H.) (%),69.2108333333333
2025-03-20 01:00:00+00:00,Ozone (O_{3}) (µg/m^{3}),0.1
2025-03-20 01:00:00+00:00,Coarse particulate matter (PM_{10}) (µg/m^{3}),189.616666666667
2025-03-20 01:00:00+00:00,Fine particulate matter (PM_{2.5}) (µg/m^{3}),172.783333333333
2025-03-20 01:00:00+00:00,Illuminance (% above/below thresholds),0.1
2025-03-20 01:00:00+00:00,Temperature (°C),19.9724588333333
2025-03-20 02:00:00+00:00,Sound pressure (dB(A)),45.7272727272727
2025-03-20 02:00:00+00:00,Formaldehyde (CH_{2}O) (µg/m^{3}),12.030981595092
2025-03-20 02:00:00+00:00,Carbon dioxide (CO_{2}) (ppm),2634.42045454546
2025-03-20 02:00:00+00:00,Relative humidity (R.H.) (%),70.2784090909091
2025-03-20 02:00:00+00:00,Ozone (O_{3}) (µg/m^{3}),0.1
2025-03-20 02:00:00+00:00,Coarse particulate matter (PM_{10}) (µg/m^{3}),183.371212121212
2025-03-20 02:00:00+00:00,Fine particulate matter (PM_{2.5}) (µg/m^{3}),164.787878787879
2025-03-20 02:00:00+00:00,Illuminance (% above/below thresholds),0.1
2025-03-20 02:00:00+00:00,Temperature (°C),19.6159436818182
2025-03-20 03:00:00+00:00,Sound pressure (dB(A)),44.1666666666667
2025-03-20 03:00:00+00:00,Formaldehyde (CH_{2}O) (µg/m^{3}),11.340572597137
2025-03-20 03:00:00+00:00,Carbon dioxide (CO_{2}) (ppm),2442.31666666667
2025-03-20 03:00:00+00:00,Relative humidity (R.H.) (%),70.0741666666667
2025-03-20 03:00:00+00:00,Ozone (O_{3}) (µg/m^{3}),0.1
2025-03-20 03:00:00+00:00,Coarse particulate matter (PM_{10}) (µg/m^{3}),163.058333333333
2025-03-20 03:00:00+00:00,Fine particulate matter (PM_{2.5}) (µg/m^{3}),148.308333333333
2025-03-20 03:00:00+00:00,Illuminance (% above/below thresholds),0.1
2025-03-20 03:00:00+00:00,Temperature (°C),19.3049588333333
2025-03-20 04:00:00+00:00,Sound pressure (dB(A)),44.5833333333333
2025-03-20 04:00:00+00:00,Formaldehyde (CH_{2}O) (µg/m^{3}),15.6598159509202
2025-03-20 04:00:00+00:00,Carbon dioxide (CO_{2}) (ppm),2740.9
2025-03-20 04:00:00+00:00,Relative humidity (R.H.) (%),72.1766666666667
2025-03-20 04:00:00+00:00,Ozone (O_{3}) (µg/m^{3}),0.1
2025-03-20 04:00:00+00:00,Coarse particulate matter (PM_{10}) (µg/m^{3}),188.366666666667
2025-03-20 04:00:00+00:00,Fine particulate matter (PM_{2.5}) (µg/m^{3}),152.866666666667
2025-03-20 04:00:00+00:00,Illuminance (% above/below thresholds),0.1
2025-03-20 04:00:00+00:00,Temperature (°C),19.2757921666667
2025-03-20 05:00:00+00:00,Sound pressure (dB(A)),40.0833333333333
2025-03-20 05:00:00+00:00,Formaldehyde (CH_{2}O) (µg/m^{3}),25.6902862985685
2025-03-20 05:00:00+00:00,Carbon dioxide (CO_{2}) (ppm),2483.49166666667
2025-03-20 05:00:00+00:00,Relative humidity (R.H.) (%),71.9008333333333
2025-03-20 05:00:00+00:00,Ozone (O_{3}) (µg/m^{3}),0.1
2025-03-20 05:00:00+00:00,Coarse particulate matter (PM_{10}) (µg/m^{3}),139.933333333333
2025-03-20 05:00:00+00:00,Fine particulate matter (PM_{2.5}) (µg/m^{3}),124.516666666667
2025-03-20 05:00:00+00:00,Illuminance (% above/below thresholds),0.1
2025-03-20 05:00:00+00:00,Temperature (°C),19.1282921666667
2025-03-20 06:00:00+00:00,Sound pressure (dB(A)),40.6666666666667
2025-03-20 06:00:00+00:00,Formaldehyde (CH_{2}O) (µg/m^{3}),24.4620654396728
2025-03-20 06:00:00+00:00,Carbon dioxide (CO_{2}) (ppm),2205.21666666667
2025-03-20 06:00:00+00:00,Relative humidity (R.H.) (%),71.2641666666667
2025-03-20 06:00:00+00:00,Ozone (O_{3}) (µg/m^{3}),0.1
2025-03-20 06:00:00+00:00,Coarse particulate matter (PM_{10}) (µg/m^{3}),125.6
2025-03-20 06:00:00+00:00,Fine particulate matter (PM_{2.5}) (µg/m^{3}),109.433333333333
2025-03-20 06:00:00+00:00,Illuminance (% above/below thresholds),0.1
2025-03-20 06:00:00+00:00,Temperature (°C),18.9799588333333
2025-03-20 07:00:00+00:00,Sound pressure (dB(A)),44
2025-03-20 07:00:00+00:00,Formaldehyde (CH_{2}O) (µg/m^{3}),23.3566666666667
2025-03-20 07:00:00+00:00,Carbon dioxide (CO_{2}) (ppm),1993.01666666667
2025-03-20 07:00:00+00:00,Relative humidity (R.H.) (%),70.9891666666667
2025-03-20 07:00:00+00:00,Ozone (O_{3}) (µg/m^{3}),0.1
2025-03-20 07:00:00+00:00,Coarse particulate matter (PM_{10}) (µg/m^{3}),97.9833333333333
2025-03-20 07:00:00+00:00,Fine particulate matter (PM_{2.5}) (µg/m^{3}),92.4833333333333
2025-03-20 07:00:00+00:00,Illuminance (% above/below thresholds),0.1
2025-03-20 07:00:00+00:00,Temperature (°C),18.8399588333333
2025-03-20 08:00:00+00:00,Sound pressure (dB(A)),50
2025-03-20 08:00:00+00:00,Formaldehyde (CH_{2}O) (µg/m^{3}),18.8327198364008
2025-03-20 08:00:00+00:00,Carbon dioxide (CO_{2}) (ppm),1879.88333333333
2025-03-20 08:00:00+00:00,Relative humidity (R.H.) (%),71.9608333333333
2025-03-20 08:00:00+00:00,Ozone (O_{3}) (µg/m^{3}),0.1
2025-03-20 08:00:00+00:00,Coarse particulate matter (PM_{10}) (µg/m^{3}),201.175
2025-03-20 08:00:00+00:00,Fine particulate matter (PM_{2.5}) (µg/m^{3}),154.725
2025-03-20 08:00:00+00:00,Illuminance (% above/below thresholds),0.1
2025-03-20 08:00:00+00:00,Temperature (°C),18.8391255
2025-03-20 09:00:00+00:00,Sound pressure (dB(A)),56.5
2025-03-20 09:00:00+00:00,Formaldehyde (CH_{2}O) (µg/m^{3}),3.84842535787321
2025-03-20 09:00:00+00:00,Carbon dioxide (CO_{2}) (ppm),508.075
2025-03-20 09:00:00+00:00,Relative humidity (R.H.) (%),68.6866666666667
2025-03-20 09:00:00+00:00,Ozone (O_{3}) (µg/m^{3}),0.1
2025-03-20 09:00:00+00:00,Coarse particulate matter (PM_{10}) (µg/m^{3}),26
2025-03-20 09:00:00+00:00,Fine particulate matter (PM_{2.5}) (µg/m^{3}),18.6166666666667
2025-03-20 09:00:00+00:00,Illuminance (% above/below thresholds),0.1
2025-03-20 09:00:00+00:00,Temperature (°C),18.5157921666667
2025-03-20 10:00:00+00:00,Sound pressure (dB(A)),62.5
2025-03-20 10:00:00+00:00,Formaldehyde (CH_{2}O) (µg/m^{3}),1.76044989775051
2025-03-20 10:00:00+00:00,Carbon dioxide (CO_{2}) (ppm),568.7
2025-03-20 10:00:00+00:00,Relative humidity (R.H.) (%),70.1841666666667
2025-03-20 10:00:00+00:00,Ozone (O_{3}) (µg/m^{3}),0.1
2025-03-20 10:00:00+00:00,Coarse particulate matter (PM_{10}) (µg/m^{3}),118.3
2025-03-20 10:00:00+00:00,Fine particulate matter (PM_{2.5}) (µg/m^{3}),85.625
2025-03-20 10:00:00+00:00,Illuminance (% above/below thresholds),0.1
2025-03-20 10:00:00+00:00,Temperature (°C),18.4457921666667
2025-03-20 11:00:00+00:00,Sound pressure (dB(A)),76
2025-03-20 11:00:00+00:00,Formaldehyde (CH_{2}O) (µg/m^{3}),2.45644171779141
2025-03-20 11:00:00+00:00,Carbon dioxide (CO_{2}) (ppm),753.4
2025-03-20 11:00:00+00:00,Relative humidity (R.H.) (%),71.1741666666667
2025-03-20 11:00:00+00:00,Ozone (O_{3}) (µg/m^{3}),0.1
2025-03-20 11:00:00+00:00,Coarse particulate matter (PM_{10}) (µg/m^{3}),319.6
2025-03-20 11:00:00+00:00,Fine particulate matter (PM_{2.5}) (µg/m^{3}),222.358333333333
2025-03-20 11:00:00+00:00,Illuminance (% above/below thresholds),0.1
2025-03-20 11:00:00+00:00,Temperature (°C),18.6174588333333
2025-03-20 12:00:00+00:00,Sound pressure (dB(A)),70.75
2025-03-20 12:00:00+00:00,Formaldehyde (CH_{2}O) (µg/m^{3}),0.1
2025-03-20 12:00:00+00:00,Carbon dioxide (CO_{2}) (ppm),461.391666666667
2025-03-20 12:00:00+00:00,Relative humidity (R.H.) (%),70.635
2025-03-20 12:00:00+00:00,Ozone (O_{3}) (µg/m^{3}),0.1
2025-03-20 12:00:00+00:00,Coarse particulate matter (PM_{10}) (µg/m^{3}),76.1666666666667
2025-03-20 12:00:00+00:00,Fine particulate matter (PM_{2.5}) (µg/m^{3}),55.4333333333333
2025-03-20 12:00:00+00:00,Illuminance (% above/below thresholds),0.1
2025-03-20 12:00:00+00:00,Temperature (°C),18.3949588333333
2025-03-20 13:00:00+00:00,Sound pressure (dB(A)),60.75
2025-03-20 13:00:00+00:00,Formaldehyde (CH_{2}O) (µg/m^{3}),0.1
2025-03-20 13:00:00+00:00,Carbon dioxide (CO_{2}) (ppm),459.175
2025-03-20 13:00:00+00:00,Relative humidity (R.H.) (%),70.335
2025-03-20 13:00:00+00:00,Ozone (O_{3}) (µg/m^{3}),0.1
2025-03-20 13:00:00+00:00,Coarse particulate matter (PM_{10}) (µg/m^{3}),38.8
2025-03-20 13:00:00+00:00,Fine particulate matter (PM_{2.5}) (µg/m^{3}),28.5916666666667
2025-03-20 13:00:00+00:00,Illuminance (% above/below thresholds),0.1
2025-03-20 13:00:00+00:00,Temperature (°C),18.5349588333333
2025-03-20 14:00:00+00:00,Sound pressure (dB(A)),59.3333333333333
2025-03-20 14:00:00+00:00,Formaldehyde (CH_{2}O) (µg/m^{3}),0.1
2025-03-20 14:00:00+00:00,Carbon dioxide (CO_{2}) (ppm),478.842514124294
2025-03-20 14:00:00+00:00,Relative humidity (R.H.) (%),70.235593220339
2025-03-20 14:00:00+00:00,Ozone (O_{3}) (µg/m^{3}),0.1
2025-03-20 14:00:00+00:00,Coarse particulate matter (PM_{10}) (µg/m^{3}),27.0946327683616
2025-03-20 14:00:00+00:00,Fine particulate matter (PM_{2.5}) (µg/m^{3}),16.2245762711864
2025-03-20 14:00:00+00:00,Illuminance (% above/below thresholds),0.1
2025-03-20 14:00:00+00:00,Temperature (°C),18.6596904717514
2025-03-20 15:00:00+00:00,Sound pressure (dB(A)),65.5
2025-03-20 15:00:00+00:00,Formaldehyde (CH_{2}O) (µg/m^{3}),0.1
2025-03-20 15:00:00+00:00,Carbon dioxide (CO_{2}) (ppm),1450.28333333333
2025-03-20 15:00:00+00:00,Relative humidity (R.H.) (%),71.3825
2025-03-20 15:00:00+00:00,Ozone (O_{3}) (µg/m^{3}),0.1
2025-03-20 15:00:00+00:00,Coarse particulate matter (PM_{10}) (µg/m^{3}),84.7166666666667
2025-03-20 15:00:00+00:00,Fine particulate matter (PM_{2.5}) (µg/m^{3}),65.7166666666667
2025-03-20 15:00:00+00:00,Illuminance (% above/below thresholds),0.1
2025-03-20 15:00:00+00:00,Temperature (°C),19.6057921666667
2025-03-20 16:00:00+00:00,Sound pressure (dB(A)),58.0833333333333
2025-03-20 16:00:00+00:00,Formaldehyde (CH_{2}O) (µg/m^{3}),0.1
2025-03-20 16:00:00+00:00,Carbon dioxide (CO_{2}) (ppm),2245.29166666667
2025-03-20 16:00:00+00:00,Relative humidity (R.H.) (%),71.9225
2025-03-20 16:00:00+00:00,Ozone (O_{3}) (µg/m^{3}),0.1
2025-03-20 16:00:00+00:00,Coarse particulate matter (PM_{10}) (µg/m^{3}),70.4416666666667
2025-03-20 16:00:00+00:00,Fine particulate matter (PM_{2.5}) (µg/m^{3}),53.2583333333333
2025-03-20 16:00:00+00:00,Illuminance (% above/below thresholds),0.1
2025-03-20 16:00:00+00:00,Temperature (°C),20.2474588333333
2025-03-20 17:00:00+00:00,Sound pressure (dB(A)),49.1666666666667
2025-03-20 17:00:00+00:00,Formaldehyde (CH_{2}O) (µg/m^{3}),0.1
2025-03-20 17:00:00+00:00,Carbon dioxide (CO_{2}) (ppm),2905.18333333333
2025-03-20 17:00:00+00:00,Relative humidity (R.H.) (%),70.2608333333333
2025-03-20 17:00:00+00:00,Ozone (O_{3}) (µg/m^{3}),0.1
2025-03-20 17:00:00+00:00,Coarse particulate matter (PM_{10}) (µg/m^{3}),51.875
2025-03-20 17:00:00+00:00,Fine particulate matter (PM_{2.5}) (µg/m^{3}),41.4583333333333
2025-03-20 17:00:00+00:00,Illuminance (% above/below thresholds),0.1
2025-03-20 17:00:00+00:00,Temperature (°C),21.2607921666667
2025-03-20 18:00:00+00:00,Sound pressure (dB(A)),53.25
2025-03-20 18:00:00+00:00,Formaldehyde (CH_{2}O) (µg/m^{3}),0.1
2025-03-20 18:00:00+00:00,Carbon dioxide (CO_{2}) (ppm),2888.60833333333
2025-03-20 18:00:00+00:00,Relative humidity (R.H.) (%),69.1483333333333
2025-03-20 18:00:00+00:00,Ozone (O_{3}) (µg/m^{3}),0.1
2025-03-20 18:00:00+00:00,Coarse particulate matter (PM_{10}) (µg/m^{3}),62.0416666666667
2025-03-20 18:00:00+00:00,Fine particulate matter (PM_{2.5}) (µg/m^{3}),43.375
2025-03-20 18:00:00+00:00,Illuminance (% above/below thresholds),0.1
2025-03-20 18:00:00+00:00,Temperature (°C),21.5666255
2025-03-20 19:00:00+00:00,Sound pressure (dB(A)),42.75
2025-03-20 19:00:00+00:00,Formaldehyde (CH_{2}O) (µg/m^{3}),0.1
2025-03-20 19:00:00+00:00,Carbon dioxide (CO_{2}) (ppm),736.775
2025-03-20 19:00:00+00:00,Relative humidity (R.H.) (%),65.6
2025-03-20 19:00:00+00:00,Ozone (O_{3}) (µg/m^{3}),0.1
2025-03-20 19:00:00+00:00,Coarse particulate matter (PM_{10}) (µg/m^{3}),33.8
2025-03-20 19:00:00+00:00,Fine particulate matter (PM_{2.5}) (µg/m^{3}),16.4166666666667
2025-03-20 19:00:00+00:00,Illuminance (% above/below thresholds),0.1
2025-03-20 19:00:00+00:00,Temperature (°C),20.4699588333333
2025-03-20 20:00:00+00:00,Sound pressure (dB(A)),57.25
2025-03-20 20:00:00+00:00,Formaldehyde (CH_{2}O) (µg/m^{3}),47.2455623721881
2025-03-20 20:00:00+00:00,Carbon dioxide (CO_{2}) (ppm),1024.18333333333
2025-03-20 20:00:00+00:00,Relative humidity (R.H.) (%),67.5066666666667
2025-03-20 20:00:00+00:00,Ozone (O_{3}) (µg/m^{3}),0.1
2025-03-20 20:00:00+00:00,Coarse particulate matter (PM_{10}) (µg/m^{3}),48.575
2025-03-20 20:00:00+00:00,Fine particulate matter (PM_{2.5}) (µg/m^{3}),32.075
2025-03-20 20:00:00+00:00,Illuminance (% above/below thresholds),0.1
2025-03-20 20:00:00+00:00,Temperature (°C),20.1374588333333
2025-03-20 21:00:00+00:00,Sound pressure (dB(A)),60.1666666666667
2025-03-20 21:00:00+00:00,Formaldehyde (CH_{2}O) (µg/m^{3}),245.42309202454
2025-03-20 21:00:00+00:00,Carbon dioxide (CO_{2}) (ppm),2851.15333333333
2025-03-20 21:00:00+00:00,Relative humidity (R.H.) (%),71.445
2025-03-20 21:00:00+00:00,Ozone (O_{3}) (µg/m^{3}),0.1
2025-03-20 21:00:00+00:00,Coarse particulate matter (PM_{10}) (µg/m^{3}),118.4
2025-03-20 21:00:00+00:00,Fine particulate matter (PM_{2.5}) (µg/m^{3}),77.54
2025-03-20 21:00:00+00:00,Illuminance (% above/below thresholds),0.1
2025-03-20 21:00:00+00:00,Temperature (°C),21.4437921666667
2025-03-20 22:00:00+00:00,Sound pressure (dB(A)),59.0833333333333
2025-03-20 22:00:00+00:00,Formaldehyde (CH_{2}O) (µg/m^{3}),230.311881390593
2025-03-20 22:00:00+00:00,Carbon dioxide (CO_{2}) (ppm),4104.61666666667
2025-03-20 22:00:00+00:00,Relative humidity (R.H.) (%),71.875
2025-03-20 22:00:00+00:00,Ozone (O_{3}) (µg/m^{3}),0.1
2025-03-20 22:00:00+00:00,Coarse particulate matter (PM_{10}) (µg/m^{3}),89.1916666666667
2025-03-20 22:00:00+00:00,Fine particulate matter (PM_{2.5}) (µg/m^{3}),69.8416666666667
2025-03-20 22:00:00+00:00,Illuminance (% above/below thresholds),0.1
2025-03-20 22:00:00+00:00,Temperature (°C),22.2416255
2025-03-20 23:00:00+00:00,Sound pressure (dB(A)),41.9166666666667
2025-03-20 23:00:00+00:00,Formaldehyde (CH_{2}O) (µg/m^{3}),184.642535787321
2025-03-20 23:00:00+00:00,Carbon dioxide (CO_{2}) (ppm),4175.59166666667
2025-03-20 23:00:00+00:00,Relative humidity (R.H.) (%),71.1283333333333
2025-03-20 23:00:00+00:00,Ozone (O_{3}) (µg/m^{3}),0.1
2025-03-20 23:00:00+00:00,Coarse particulate matter (PM_{10}) (µg/m^{3}),81.9083333333333
2025-03-20 23:00:00+00:00,Fine particulate matter (PM_{2.5}) (µg/m^{3}),70.2916666666667
2025-03-20 23:00:00+00:00,Illuminance (% above/below thresholds),0.1
2025-03-20 23:00:00+00:00,Temperature (°C),21.8632921666667
2025-03-21 00:00:00+00:00,Sound pressure (dB(A)),39.8333333333333
2025-03-21 00:00:00+00:00,Formaldehyde (CH_{2}O) (µg/m^{3}),141.781349693252
2025-03-21 00:00:00+00:00,Carbon dioxide (CO_{2}) (ppm),3773.69621212121
2025-03-21 00:00:00+00:00,Relative humidity (R.H.) (%),71.7416666666667
2025-03-21 00:00:00+00:00,Ozone (O_{3}) (µg/m^{3}),0.1
2025-03-21 00:00:00+00:00,Coarse particulate matter (PM_{10}) (µg/m^{3}),67.9772727272727
2025-03-21 00:00:00+00:00,Fine particulate matter (PM_{2.5}) (µg/m^{3}),57.5333333333333
2025-03-21 00:00:00+00:00,Illuminance (% above/below thresholds),0.1
2025-03-21 00:00:00+00:00,Temperature (°C),20.6549139181818
2025-03-21 01:00:00+00:00,Sound pressure (dB(A)),39.4166666666667
2025-03-21 01:00:00+00:00,Formaldehyde (CH_{2}O) (µg/m^{3}),110.826462167689
2025-03-21 01:00:00+00:00,Carbon dioxide (CO_{2}) (ppm),3316.70833333333
2025-03-21 01:00:00+00:00,Relative humidity (R.H.) (%),72.725
2025-03-21 01:00:00+00:00,Ozone (O_{3}) (µg/m^{3}),0.1
2025-03-21 01:00:00+00:00,Coarse particulate matter (PM_{10}) (µg/m^{3}),91.6083333333333
2025-03-21 01:00:00+00:00,Fine particulate matter (PM_{2.5}) (µg/m^{3}),76.0833333333333
2025-03-21 01:00:00+00:00,Illuminance (% above/below thresholds),0.1
2025-03-21 01:00:00+00:00,Temperature (°C),20.1950654333333
2025-03-21 02:00:00+00:00,Sound pressure (dB(A)),39.25
2025-03-21 02:00:00+00:00,Formaldehyde (CH_{2}O) (µg/m^{3}),90.9730484451026
2025-03-21 02:00:00+00:00,Carbon dioxide (CO_{2}) (ppm),3043.4683908046
2025-03-21 02:00:00+00:00,Relative humidity (R.H.) (%),73.0543103448276
2025-03-21 02:00:00+00:00,Ozone (O_{3}) (µg/m^{3}),0.1
2025-03-21 02:00:00+00:00,Coarse particulate matter (PM_{10}) (µg/m^{3}),80.8591954022989
2025-03-21 02:00:00+00:00,Fine particulate matter (PM_{2.5}) (µg/m^{3}),66.2614942528736
2025-03-21 02:00:00+00:00,Illuminance (% above/below thresholds),0.1
2025-03-21 02:00:00+00:00,Temperature (°C),19.8840596862069
2025-03-21 03:00:00+00:00,Sound pressure (dB(A)),39.25
2025-03-21 03:00:00+00:00,Formaldehyde (CH_{2}O) (µg/m^{3}),76.6000408997955
2025-03-21 03:00:00+00:00,Carbon dioxide (CO_{2}) (ppm),2872.18333333333
2025-03-21 03:00:00+00:00,Relative humidity (R.H.) (%),73.6025
2025-03-21 03:00:00+00:00,Ozone (O_{3}) (µg/m^{3}),0.1
2025-03-21 03:00:00+00:00,Coarse particulate matter (PM_{10}) (µg/m^{3}),69.875
2025-03-21 03:00:00+00:00,Fine particulate matter (PM_{2.5}) (µg/m^{3}),55.7833333333333
2025-03-21 03:00:00+00:00,Illuminance (% above/below thresholds),0.1
2025-03-21 03:00:00+00:00,Temperature (°C),19.6575654333333
2025-03-21 04:00:00+00:00,Sound pressure (dB(A)),39.6666666666667
2025-03-21 04:00:00+00:00,Formaldehyde (CH_{2}O) (µg/m^{3}),67.6544989775051
2025-03-21 04:00:00+00:00,Carbon dioxide (CO_{2}) (ppm),2761.15
2025-03-21 04:00:00+00:00,Relative humidity (R.H.) (%),73.6241666666667
2025-03-21 04:00:00+00:00,Ozone (O_{3}) (µg/m^{3}),0.1
2025-03-21 04:00:00+00:00,Coarse particulate matter (PM_{10}) (µg/m^{3}),57.4166666666667
2025-03-21 04:00:00+00:00,Fine particulate matter (PM_{2.5}) (µg/m^{3}),44.5916666666667
2025-03-21 04:00:00+00:00,Illuminance (% above/below thresholds),0.1
2025-03-21 04:00:00+00:00,Temperature (°C),19.5442321
2025-03-21 05:00:00+00:00,Sound pressure (dB(A)),40.6666666666667
2025-03-21 05:00:00+00:00,Formaldehyde (CH_{2}O) (µg/m^{3}),61.5543353783231
2025-03-21 05:00:00+00:00,Carbon dioxide (CO_{2}) (ppm),2642.00833333333
2025-03-21 05:00:00+00:00,Relative humidity (R.H.) (%),73.8266666666667
2025-03-21 05:00:00+00:00,Ozone (O_{3}) (µg/m^{3}),0.1
2025-03-21 05:00:00+00:00,Coarse particulate matter (PM_{10}) (µg/m^{3}),89.4166666666667
2025-03-21 05:00:00+00:00,Fine particulate matter (PM_{2.5}) (µg/m^{3}),62.2333333333333
2025-03-21 05:00:00+00:00,Illuminance (% above/below thresholds),0.1
2025-03-21 05:00:00+00:00,Temperature (°C),19.3817321
2025-03-21 06:00:00+00:00,Sound pressure (dB(A)),40.0833333333333
2025-03-21 06:00:00+00:00,Formaldehyde (CH_{2}O) (µg/m^{3}),62.2298568507158
2025-03-21 06:00:00+00:00,Carbon dioxide (CO_{2}) (ppm),2551.53560606061
2025-03-21 06:00:00+00:00,Relative humidity (R.H.) (%),74.0212121212121
2025-03-21 06:00:00+00:00,Ozone (O_{3}) (µg/m^{3}),0.1
2025-03-21 06:00:00+00:00,Coarse particulate matter (PM_{10}) (µg/m^{3}),56.5166666666667
2025-03-21 06:00:00+00:00,Fine particulate matter (PM_{2.5}) (µg/m^{3}),42.075
2025-03-21 06:00:00+00:00,Illuminance (% above/below thresholds),0.1
2025-03-21 06:00:00+00:00,Temperature (°C),19.3183230090909
2025-03-21 07:00:00+00:00,Sound pressure (dB(A)),41.3333333333333
2025-03-21 07:00:00+00:00,Formaldehyde (CH_{2}O) (µg/m^{3}),57.6444989775051
2025-03-21 07:00:00+00:00,Carbon dioxide (CO_{2}) (ppm),2374.10833333333
2025-03-21 07:00:00+00:00,Relative humidity (R.H.) (%),73.5616666666667
2025-03-21 07:00:00+00:00,Ozone (O_{3}) (µg/m^{3}),0.1
2025-03-21 07:00:00+00:00,Coarse particulate matter (PM_{10}) (µg/m^{3}),43.3583333333333
2025-03-21 07:00:00+00:00,Fine particulate matter (PM_{2.5}) (µg/m^{3}),35.9083333333333
2025-03-21 07:00:00+00:00,Illuminance (% above/below thresholds),0.1
2025-03-21 07:00:00+00:00,Temperature (°C),19.2258987666667
2025-03-21 08:00:00+00:00,Sound pressure (dB(A)),44.9166666666667
2025-03-21 08:00:00+00:00,Formaldehyde (CH_{2}O) (µg/m^{3}),52.2607975460123
2025-03-21 08:00:00+00:00,Carbon dioxide (CO_{2}) (ppm),2214.04166666667
2025-03-21 08:00:00+00:00,Relative humidity (R.H.) (%),73.4066666666667
2025-03-21 08:00:00+00:00,Ozone (O_{3}) (µg/m^{3}),0.1
2025-03-21 08:00:00+00:00,Coarse particulate matter (PM_{10}) (µg/m^{3}),82.925
2025-03-21 08:00:00+00:00,Fine particulate matter (PM_{2.5}) (µg/m^{3}),57.825
2025-03-21 08:00:00+00:00,Illuminance (% above/below thresholds),0.1
2025-03-21 08:00:00+00:00,Temperature (°C),19.1633987666667
2025-03-21 09:00:00+00:00,Sound pressure (dB(A)),43.5
2025-03-21 09:00:00+00:00,Formaldehyde (CH_{2}O) (µg/m^{3}),36.130163599182
2025-03-21 09:00:00+00:00,Carbon dioxide (CO_{2}) (ppm),1208.26666666667
2025-03-21 09:00:00+00:00,Relative humidity (R.H.) (%),70.4825
2025-03-21 09:00:00+00:00,Ozone (O_{3}) (µg/m^{3}),0.1
2025-03-21 09:00:00+00:00,Coarse particulate matter (PM_{10}) (µg/m^{3}),126
2025-03-21 09:00:00+00:00,Fine particulate matter (PM_{2.5}) (µg/m^{3}),94.2
2025-03-21 09:00:00+00:00,Illuminance (% above/below thresholds),0.1
2025-03-21 09:00:00+00:00,Temperature (°C),19.0425654333333
2025-03-21 10:00:00+00:00,Sound pressure (dB(A)),50.0833333333333
2025-03-21 10:00:00+00:00,Formaldehyde (CH_{2}O) (µg/m^{3}),16.110163599182
2025-03-21 10:00:00+00:00,Carbon dioxide (CO_{2}) (ppm),467.6
2025-03-21 10:00:00+00:00,Relative humidity (R.H.) (%),65.3141666666667
2025-03-21 10:00:00+00:00,Ozone (O_{3}) (µg/m^{3}),0.1
2025-03-21 10:00:00+00:00,Coarse particulate matter (PM_{10}) (µg/m^{3}),26.0416666666667
2025-03-21 10:00:00+00:00,Fine particulate matter (PM_{2.5}) (µg/m^{3}),22.2916666666667
2025-03-21 10:00:00+00:00,Illuminance (% above/below thresholds),11.6666666666667
2025-03-21 10:00:00+00:00,Temperature (°C),18.6825654333333
2025-03-21 11:00:00+00:00,Sound pressure (dB(A)),58.9166666666667
2025-03-21 11:00:00+00:00,Formaldehyde (CH_{2}O) (µg/m^{3}),7.36932515337423
2025-03-21 11:00:00+00:00,Carbon dioxide (CO_{2}) (ppm),441.941666666667
2025-03-21 11:00:00+00:00,Relative humidity (R.H.) (%),64.7208333333333
2025-03-21 11:00:00+00:00,Ozone (O_{3}) (µg/m^{3}),0.1
2025-03-21 11:00:00+00:00,Coarse particulate matter (PM_{10}) (µg/m^{3}),11.6916666666667
2025-03-21 11:00:00+00:00,Fine particulate matter (PM_{2.5}) (µg/m^{3}),9.18333333333333
2025-03-21 11:00:00+00:00,Illuminance (% above/below thresholds),16.6666666666667
2025-03-21 11:00:00+00:00,Temperature (°C),18.5217321
2025-03-21 12:00:00+00:00,Sound pressure (dB(A)),65.75
2025-03-21 12:00:00+00:00,Formaldehyde (CH_{2}O) (µg/m^{3}),2.59973415132924
2025-03-21 12:00:00+00:00,Carbon dioxide (CO_{2}) (ppm),478.225
2025-03-21 12:00:00+00:00,Relative humidity (R.H.) (%),61.265
2025-03-21 12:00:00+00:00,Ozone (O_{3}) (µg/m^{3}),0.1
2025-03-21 12:00:00+00:00,Coarse particulate matter (PM_{10}) (µg/m^{3}),83
2025-03-21 12:00:00+00:00,Fine particulate matter (PM_{2.5}) (µg/m^{3}),64.7
2025-03-21 12:00:00+00:00,Illuminance (% above/below thresholds),0.1
2025-03-21 12:00:00+00:00,Temperature (°C),18.8125654333333
2025-03-21 13:00:00+00:00,Sound pressure (dB(A)),75.8333333333333
2025-03-21 13:00:00+00:00,Formaldehyde (CH_{2}O) (µg/m^{3}),8.22907975460123
2025-03-21 13:00:00+00:00,Carbon dioxide (CO_{2}) (ppm),439.291666666667
2025-03-21 13:00:00+00:00,Relative humidity (R.H.) (%),51.3516666666667
2025-03-21 13:00:00+00:00,Ozone (O_{3}) (µg/m^{3}),0.1
2025-03-21 13:00:00+00:00,Coarse particulate matter (PM_{10}) (µg/m^{3}),71.7
2025-03-21 13:00:00+00:00,Fine particulate matter (PM_{2.5}) (µg/m^{3}),63.2083333333333
2025-03-21 13:00:00+00:00,Illuminance (% above/below thresholds),0.1
2025-03-21 13:00:00+00:00,Temperature (°C),19.0125654333333
2025-03-21 14:00:00+00:00,Sound pressure (dB(A)),74.75
2025-03-21 14:00:00+00:00,Formaldehyde (CH_{2}O) (µg/m^{3}),4.25783231083845
2025-03-21 14:00:00+00:00,Carbon dioxide (CO_{2}) (ppm),447.966666666667
2025-03-21 14:00:00+00:00,Relative humidity (R.H.) (%),50.81
2025-03-21 14:00:00+00:00,Ozone (O_{3}) (µg/m^{3}),0.1
2025-03-21 14:00:00+00:00,Coarse particulate matter (PM_{10}) (µg/m^{3}),24.5833333333333
2025-03-21 14:00:00+00:00,Fine particulate matter (PM_{2.5}) (µg/m^{3}),15.25
2025-03-21 14:00:00+00:00,Illuminance (% above/below thresholds),0.1
2025-03-21 14:00:00+00:00,Temperature (°C),19.0800654333333
2025-03-21 15:00:00+00:00,Sound pressure (dB(A)),64.8333333333333
2025-03-21 15:00:00+00:00,Formaldehyde (CH_{2}O) (µg/m^{3}),3.15243353783231
2025-03-21 15:00:00+00:00,Carbon dioxide (CO_{2}) (ppm),797.258333333333
2025-03-21 15:00:00+00:00,Relative humidity (R.H.) (%),54.3633333333333
2025-03-21 15:00:00+00:00,Ozone (O_{3}) (µg/m^{3}),0.1
2025-03-21 15:00:00+00:00,Coarse particulate matter (PM_{10}) (µg/m^{3}),39.825
2025-03-21 15:00:00+00:00,Fine particulate matter (PM_{2.5}) (µg/m^{3}),22.125
2025-03-21 15:00:00+00:00,Illuminance (% above/below thresholds),0.1
2025-03-21 15:00:00+00:00,Temperature (°C),19.3917321
2025-03-21 16:00:00+00:00,Sound pressure (dB(A)),49.75
2025-03-21 16:00:00+00:00,Formaldehyde (CH_{2}O) (µg/m^{3}),3.84842535787321
2025-03-21 16:00:00+00:00,Carbon dioxide (CO_{2}) (ppm),1013.86666666667
2025-03-21 16:00:00+00:00,Relative humidity (R.H.) (%),57.7891666666667
2025-03-21 16:00:00+00:00,Ozone (O_{3}) (µg/m^{3}),0.1
2025-03-21 16:00:00+00:00,Coarse particulate matter (PM_{10}) (µg/m^{3}),20.0416666666667
2025-03-21 16:00:00+00:00,Fine particulate matter (PM_{2.5}) (µg/m^{3}),14.2833333333333
2025-03-21 16:00:00+00:00,Illuminance (% above/below thresholds),0.1
2025-03-21 16:00:00+00:00,Temperature (°C),19.6317321
2025-03-21 17:00:00+00:00,Sound pressure (dB(A)),46.6666666666667
2025-03-21 17:00:00+00:00,Formaldehyde (CH_{2}O) (µg/m^{3}),2.45644171779141
2025-03-21 17:00:00+00:00,Carbon dioxide (CO_{2}) (ppm),1058.21666666667
2025-03-21 17:00:00+00:00,Relative humidity (R.H.) (%),59.5566666666667
2025-03-21 17:00:00+00:00,Ozone (O_{3}) (µg/m^{3}),0.1
2025-03-21 17:00:00+00:00,Coarse particulate matter (PM_{10}) (µg/m^{3}),10.4
2025-03-21 17:00:00+00:00,Fine particulate matter (PM_{2.5}) (µg/m^{3}),9.13333333333333
2025-03-21 17:00:00+00:00,Illuminance (% above/below thresholds),0.1
2025-03-21 17:00:00+00:00,Temperature (°C),19.5392321
2025-03-21 18:00:00+00:00,Sound pressure (dB(A)),49.75
2025-03-21 18:00:00+00:00,Formaldehyde (CH_{2}O) (µg/m^{3}),2.74302658486708
2025-03-21 18:00:00+00:00,Carbon dioxide (CO_{2}) (ppm),1196.425
2025-03-21 18:00:00+00:00,Relative humidity (R.H.) (%),61.3958333333333
2025-03-21 18:00:00+00:00,Ozone (O_{3}) (µg/m^{3}),0.1
2025-03-21 18:00:00+00:00,Coarse particulate matter (PM_{10}) (µg/m^{3}),7.40833333333333
2025-03-21 18:00:00+00:00,Fine particulate matter (PM_{2.5}) (µg/m^{3}),6.74166666666667
2025-03-21 18:00:00+00:00,Illuminance (% above/below thresholds),0.1
2025-03-21 18:00:00+00:00,Temperature (°C),19.4942321
2025-03-21 19:00:00+00:00,Sound pressure (dB(A)),53.4166666666667
2025-03-21 19:00:00+00:00,Formaldehyde (CH_{2}O) (µg/m^{3}),0.614110429447853
2025-03-21 19:00:00+00:00,Carbon dioxide (CO_{2}) (ppm),557.237878787879
2025-03-21 19:00:00+00:00,Relative humidity (R.H.) (%),50.2285606060606
2025-03-21 19:00:00+00:00,Ozone (O_{3}) (µg/m^{3}),0.1
2025-03-21 19:00:00+00:00,Coarse particulate matter (PM_{10}) (µg/m^{3}),6.35833333333333
2025-03-21 19:00:00+00:00,Fine particulate matter (PM_{2.5}) (µg/m^{3}),3.025
2025-03-21 19:00:00+00:00,Illuminance (% above/below thresholds),0.1
2025-03-21 19:00:00+00:00,Temperature (°C),19.0024896757576
2025-03-21 20:00:00+00:00,Sound pressure (dB(A)),61.3333333333333
2025-03-21 20:00:00+00:00,Formaldehyde (CH_{2}O) (µg/m^{3}),0.1
2025-03-21 20:00:00+00:00,Carbon dioxide (CO_{2}) (ppm),1045.06666666667
2025-03-21 20:00:00+00:00,Relative humidity (R.H.) (%),51.3683333333333
2025-03-21 20:00:00+00:00,Ozone (O_{3}) (µg/m^{3}),0.1
2025-03-21 20:00:00+00:00,Coarse particulate matter (PM_{10}) (µg/m^{3}),15.0666666666667
2025-03-21 20:00:00+00:00,Fine particulate matter (PM_{2.5}) (µg/m^{3}),8.96666666666667
2025-03-21 20:00:00+00:00,Illuminance (% above/below thresholds),0.1
2025-03-21 20:00:00+00:00,Temperature (°C),19.0542321
2025-03-21 21:00:00+00:00,Sound pressure (dB(A)),60.3333333333333
2025-03-21 21:00:00+00:00,Formaldehyde (CH_{2}O) (µg/m^{3}),3.27525562372188
2025-03-21 21:00:00+00:00,Carbon dioxide (CO_{2}) (ppm),3014.03333333333
2025-03-21 21:00:00+00:00,Relative humidity (R.H.) (%),60.7416666666667
2025-03-21 21:00:00+00:00,Ozone (O_{3}) (µg/m^{3}),0.1
2025-03-21 21:00:00+00:00,Coarse particulate matter (PM_{10}) (µg/m^{3}),52.55
2025-03-21 21:00:00+00:00,Fine particulate matter (PM_{2.5}) (µg/m^{3}),42.45
2025-03-21 21:00:00+00:00,Illuminance (% above/below thresholds),0.1
2025-03-21 21:00:00+00:00,Temperature (°C),20.8725654333333
2025-03-21 22:00:00+00:00,Sound pressure (dB(A)),60.4166666666667
2025-03-21 22:00:00+00:00,Formaldehyde (CH_{2}O) (µg/m^{3}),13.3057259713701
2025-03-21 22:00:00+00:00,Carbon dioxide (CO_{2}) (ppm),4381.33333333333
2025-03-21 22:00:00+00:00,Relative humidity (R.H.) (%),64.2458333333333
2025-03-21 22:00:00+00:00,Ozone (O_{3}) (µg/m^{3}),0.1
2025-03-21 22:00:00+00:00,Coarse particulate matter (PM_{10}) (µg/m^{3}),79.4083333333333
2025-03-21 22:00:00+00:00,Fine particulate matter (PM_{2.5}) (µg/m^{3}),66.575
2025-03-21 22:00:00+00:00,Illuminance (% above/below thresholds),0.1
2025-03-21 22:00:00+00:00,Temperature (°C),21.9925654333333
2025-03-21 23:00:00+00:00,Sound pressure (dB(A)),47.5
2025-03-21 23:00:00+00:00,Formaldehyde (CH_{2}O) (µg/m^{3}),10.7264621676892
2025-03-21 23:00:00+00:00,Carbon dioxide (CO_{2}) (ppm),4661.7
2025-03-21 23:00:00+00:00,Relative humidity (R.H.) (%),63.4558333333333
2025-03-21 23:00:00+00:00,Ozone (O_{3}) (µg/m^{3}),0.1
2025-03-21 23:00:00+00:00,Coarse particulate matter (PM_{10}) (µg/m^{3}),84.95
2025-03-21 23:00:00+00:00,Fine particulate matter (PM_{2.5}) (µg/m^{3}),72.775
2025-03-21 23:00:00+00:00,Illuminance (% above/below thresholds),0.1
2025-03-21 23:00:00+00:00,Temperature (°C),22.0042321
